{"input_shapes": [[1]], "input_data": [0.5697993040084839], "output_data": [0.6544633507728577]}