{
    "input_data": [
        [
            0.06984945386648178
        ]
    ],
    "output_data": [
        [
            0.6265525221824646
        ]
    ]
}