{"input_shapes": [[4]], "input_data": [[0.5543403625488281, 0.8215857744216919, 0.28439509868621826, 0.9407680034637451]], "output_data": [[1.1123492369776296, 2.6906339506009322, -8.522455123153122]]}