{"input_shapes": [[4]], "input_data": [[0.11344099044799805, 0.48098886013031006, 0.6054946780204773, 0.9872376322746277]], "output_data": [[2.7011989706626878, 3.4080776717901453, -8.30638503783401]]}