{"input_shapes": [[1, 5, 5]], "input_data": [[[0.9555628895759583, 0.7208315134048462, 0.41421806812286377, 0.8021312952041626, 0.7280218601226807], [0.20391333103179932, 0.5051252245903015, 0.7146807312965393, 0.3627629280090332, 0.5685878396034241], [0.5638871192932129, 0.08567178249359131, 0.8659734725952148, 0.48064935207366943, 0.07729971408843994], [0.5105025768280029, 0.853111982345581, 0.5629271864891052, 0.49448490142822266, 0.41740143299102783], [0.11629462242126465, 0.8421995043754578, 0.9397504925727844, 0.7127313017845154, 0.849522590637207]]], "output_data": [[[0.5588737726211548, 0.550227165222168, 0.5571472644805908], [0.5406436920166016, 0.5472652912139893, 0.5049741268157959], [0.5933687686920166, 0.6486111283302307, 0.6000822186470032]]]}