{
    "input_data": [
        [
            0.053262424,
            0.074970566,
            0.052355476,
            0.028825462,
            0.058487028,
            0.008225823,
            0.07530029,
            0.0821458,
            0.06227987,
            0.024306035,
            0.05793174,
            0.04044203
        ]
    ],
    "output_data": [
        [
            0.015625,
            0.03125,
            0.01953125,
            0.02734375,
            0.05078125,
            0.02734375,
            0.01171875,
            0.01953125,
            0.0078125,
            0.015625,
            0.015625,
            0.00390625,
            0.03515625,
            0.0546875,
            0.0234375,
            0.01953125,
            0.0390625,
            0.01953125,
            0.015625,
            0.0234375,
            0.0078125,
            0.03125,
            0.046875,
            0.015625,
            0.015625,
            0.0234375,
            0.01171875
        ]
    ]
}