{
    "input_data": [
        [
            0.053262424,
            0.074970566,
            0.052355476,
            0.028825462,
            0.058487028,
            0.008225823,
            0.07530029,
            0.0821458,
            0.06227987,
            0.024306035,
            0.05793174,
            0.04044203
        ]
    ],
    "output_data": [
        [
            0.0546875,
            0.12890625,
            0.07421875,
            0.10546875,
            0.20703125,
            0.1015625,
            0.05078125,
            0.078125,
            0.02734375,
            0.05859375,
            0.06640625,
            0.0078125,
            0.1328125,
            0.22265625,
            0.08984375,
            0.07421875,
            0.15625,
            0.08203125,
            0.0625,
            0.0859375,
            0.0234375,
            0.12109375,
            0.18359375,
            0.0625,
            0.05859375,
            0.09765625,
            0.0390625
        ]
    ]
}