{
    "input_data": [
        [
            0.1,
            0.1,
            0.1,
            0.1,
            0.1,
            0.1,
            0.1,
            0.1,
            0.1,
            0.1,
            0.1,
            0.1,
            0.1,
            0.1,
            0.1,
            0.1,
            0.1,
            0.1,
            0.1,
            0.1,
            0.1,
            0.1,
            0.1,
            0.1,
            0.1
        ]
    ],
    "input_shapes": [
        [
            1,
            1,
            5,
            5
        ]
    ],
    "output_data": [
        [
            0.9140625,
            0.9140625,
            0.9140625,
            0.9140625,
            0.9140625,
            0.9140625,
            0.9140625,
            0.9140625,
            0.9140625
        ]
    ]
}