{
    "input_data": [
        [
            0.048708539456129074,
            0.07210330665111542,
            0.07487689703702927,
            0.042368333786726,
            0.059972554445266724,
            0.0006655633333139122,
            0.0387980118393898,
            0.04900432378053665,
            0.06479374319314957,
            0.03662005811929703,
            0.059093739837408066,
            0.08933203667402267
        ]
    ],
    "output_data": [
        [
            0.012177134864032269,
            0.030202962458133698,
            0.018025826662778854,
            0.03089635819196701,
            0.05951427295804024,
            0.02861791104078293,
            0.018719224259257317,
            0.02931130677461624,
            0.0105920834466815,
            0.014993138611316681,
            0.015159529633820057,
            0.00016639083332847804,
            0.02469264157116413,
            0.037110112607479095,
            0.012417471967637539,
            0.00969950295984745,
            0.021950583904981613,
            0.012251080945134163,
            0.01619843579828739,
            0.02535345032811165,
            0.009155014529824257,
            0.030971869826316833,
            0.06245989352464676,
            0.031488023698329926,
            0.014773434959352016,
            0.03710644319653511,
            0.02233300916850567
        ]
    ]
}