{"input_data":{"File":[[0.05326242372393608,0.07497056573629379,0.05235547572374344,0.028825461864471436,0.05848702788352966,0.008225822821259499,0.07530029118061066,0.0821458026766777,0.06227986887097359,0.024306034669280052,0.05793173983693123,0.040442030876874924]]},"output_data":{"File":[[0.0546875,0.1328125,0.078125,0.109375,0.21875,0.109375,0.0546875,0.0859375,0.03125,0.0546875,0.0625,0.0078125,0.1328125,0.2265625,0.09375,0.078125,0.1640625,0.0859375,0.0625,0.0859375,0.0234375,0.1171875,0.1796875,0.0625,0.0546875,0.09375,0.0390625]]}}