{"input_shapes": [[2]], "input_data": [[0.28164106607437134, 0.8984276652336121]], "output_data": [[5.07849645614624]]}