{"input_shapes": [[2]], "input_data": [[0.12440329790115356, 0.7066373825073242]], "output_data": [[4.537677764892578]]}