{"input_data":{"File":[[0.028714973479509354,0.07120487093925476,0.022311365231871605,0.012101608328521252,0.03437110409140587,0.04068882018327713,0.04784557968378067,0.04248619079589844,0.044104982167482376,0.016799915581941605,0.09228648245334625,0.06562283635139465,0.08326971530914307,0.09967807680368423,0.004014319274574518,0.029017223045229912,0.029877185821533203,0.02700946293771267,0.021522462368011475,0.0639062449336052,0.03169102221727371,0.01601317524909973,0.008131391368806362,0.09269798547029495,0.005641061346977949,0.07121359556913376,0.08149459213018417,0.09954144060611725,0.027927154675126076,0.035116519778966904,0.04710543900728226,0.017269659787416458,0.09354236721992493,0.04313085600733757,0.05901332572102547,0.050357669591903687,0.07053080201148987,0.07685991376638412,0.047036897391080856,0.03909746930003166,0.030102087184786797,0.07883016020059586,0.02303578332066536,0.011210835538804531,0.05063715577125549,0.05010867863893509,0.07566551119089127,0.05343836173415184,0.08865352720022202,0.006919837091118097,0.05066404864192009,0.015601313672959805,0.09690424054861069,0.057879697531461716,0.06896021217107773,0.048083286732435226,0.04835888743400574,0.018507618457078934,0.013074720278382301,0.08559494465589523,0.04836592823266983,0.0075820921920239925,0.07287482917308807,0.08573415130376816,0.05326894670724869,0.037312984466552734,0.007847554050385952,0.027903003618121147,0.04338408634066582,0.0727488324046135,0.048649370670318604,0.07986324280500412,0.05381229519844055,0.05815238878130913,0.0947679877281189]]},"output_data":{"File":[[0.005859375,0.02325439453125,0.0057373046875,0.0010986328125,-0.00128173828125,0.0194091796875,0.0313720703125,0.00830078125,0.00732421875,0.0277099609375,0.02581787109375,-0.0040283203125,0.00994873046875,-0.00042724609375,0.010986328125,-0.0081787109375,0.00079345703125,-0.00775146484375,-0.00018310546875,0.0096435546875,0.00579833984375,0.026611328125,0.01910400390625,0.0164794921875,0.01751708984375,0.0438232421875,0.02337646484375,0.01806640625,-0.001220703125,0.03765869140625,0.018310546875,-0.0045166015625,0.01824951171875,-0.00775146484375,0.00830078125,-0.015625,0.00384521484375,-0.00408935546875,0.0086669921875,0.00640869140625,0.00665283203125,0.0106201171875,0.00579833984375,0.01959228515625,0.0115966796875,0.02166748046875,0.02484130859375,0.00848388671875,0.00079345703125,0.0443115234375,0.0235595703125,0.00909423828125,0.00970458984375,0.00048828125,0.010498046875,0.00054931640625,0.00762939453125,0.00018310546875,0.00262451171875,0.00457763671875,0.00408935546875,0.02734375,0.00860595703125,0.02667236328125,0.02178955078125,0.01666259765625,0.0281982421875,0.03338623046875,0.00799560546875,0.03277587890625,0.027587890625,-0.00140380859375,0.00677490234375,-0.000244140625,0.01507568359375,-0.0059814453125,0.0155029296875,-0.00836181640625,0.0003662109375,0.013671875,0.00006103515625,0.01593017578125,0.00262451171875,0.02069091796875,0.01629638671875,0.0111083984375,0.014404296875,0.00048828125,0.00628662109375,0.02789306640625,0.01690673828125,0.00677490234375,0.0108642578125,0.00360107421875,0.01641845703125,0.00408935546875,-0.00347900390625,0.01031494140625,0.0086669921875,0.009765625,-0.064453125,-0.11602783203125,-0.0374755859375,-0.12286376953125,-0.04888916015625,-0.10992431640625,-0.05450439453125,-0.10919189453125,-0.0709228515625,-0.09735107421875,-0.0849609375,-0.09344482421875,-0.07720947265625,-0.09716796875,-0.0777587890625,-0.09381103515625,-0.07122802734375,-0.0877685546875,-0.078125,-0.090576171875,-0.05096435546875,-0.11871337890625,-0.01947021484375,-0.13177490234375,-0.0238037109375,-0.1322021484375,-0.01287841796875,-0.126708984375,-0.0506591796875,-0.098388671875,-0.08984375,-0.08782958984375,-0.0736083984375,-0.088623046875,-0.075927734375,-0.08740234375,-0.073486328125,-0.09637451171875,-0.07666015625,-0.08892822265625,-0.0628662109375,-0.12554931640625,-0.02911376953125,-0.13348388671875,-0.02972412109375,-0.12664794921875,-0.02716064453125,-0.123046875,-0.059814453125,-0.09625244140625,-0.0936279296875,-0.089111328125,-0.08612060546875,-0.09942626953125,-0.0941162109375,-0.0989990234375,-0.08612060546875,-0.09136962890625,-0.08636474609375,-0.08807373046875,-0.05230712890625,-0.1251220703125,-0.0147705078125,-0.134521484375,-0.02197265625,-0.12969970703125,-0.02880859375,-0.12042236328125,-0.03765869140625,-0.10003662109375,-0.07904052734375,-0.0855712890625,-0.068115234375,-0.0880126953125,-0.0572509765625,-0.0850830078125,-0.07708740234375,-0.09515380859375,-0.0823974609375,-0.0894775390625,-0.06500244140625,-0.11328125,-0.0562744140625,-0.10626220703125,-0.0682373046875,-0.11944580078125,-0.05511474609375,-0.115478515625,-0.0772705078125,-0.08514404296875,-0.08868408203125,-0.10064697265625,-0.0888671875,-0.09637451171875,-0.0882568359375,-0.0985107421875,-0.09405517578125,-0.0977783203125,-0.0924072265625,-0.086181640625,0.08013916015625,0.1026611328125,0.0902099609375,0.0877685546875,0.091064453125,0.1021728515625,0.112060546875,0.0960693359375,0.08905029296875,0.08245849609375,0.064208984375,0.06646728515625,0.068603515625,0.06158447265625,0.06805419921875,0.085205078125,0.0621337890625,0.06890869140625,0.0848388671875,0.08544921875,0.0750732421875,0.10223388671875,0.0740966796875,0.1033935546875,0.08624267578125,0.1094970703125,0.09527587890625,0.0924072265625,0.08087158203125,0.08648681640625,0.07269287109375,0.0758056640625,0.0538330078125,0.07037353515625,0.0614013671875,0.06414794921875,0.06488037109375,0.06243896484375,0.0797119140625,0.08502197265625,0.06597900390625,0.09661865234375,0.080322265625,0.11065673828125,0.08599853515625,0.10809326171875,0.0858154296875,0.08984375,0.08135986328125,0.08917236328125,0.07269287109375,0.0723876953125,0.0576171875,0.06610107421875,0.0526123046875,0.0640869140625,0.0595703125,0.0689697265625,0.075927734375,0.08221435546875,0.07196044921875,0.0980224609375,0.07366943359375,0.09173583984375,0.08380126953125,0.08123779296875,0.09521484375,0.10003662109375,0.08441162109375,0.08099365234375,0.069091796875,0.06695556640625,0.08203125,0.0704345703125,0.06793212890625,0.07269287109375,0.06256103515625,0.06658935546875,0.08587646484375,0.078857421875,0.07733154296875,0.0908203125,0.076904296875,0.08917236328125,0.0872802734375,0.0926513671875,0.08966064453125,0.09002685546875,0.08062744140625,0.0811767578125,0.0693359375,0.0693359375,0.069580078125,0.074951171875,0.059326171875,0.06622314453125,0.07794189453125,0.0738525390625,0.06231689453125,0.08502197265625]]}}