{
    "input_data": [
        [
            0.028714973,
            0.07120487,
            0.022311365,
            0.012101608,
            0.034371104,
            0.04068882,
            0.04784558,
            0.04248619,
            0.044104982,
            0.016799916,
            0.09228648,
            0.06562284,
            0.083269715,
            0.09967808,
            0.0040143193,
            0.029017223,
            0.029877186,
            0.027009463,
            0.021522462,
            0.063906245,
            0.031691022,
            0.016013175,
            0.008131391,
            0.092697985,
            0.0056410613,
            0.071213596,
            0.08149459,
            0.09954144,
            0.027927155,
            0.03511652,
            0.04710544,
            0.01726966,
            0.09354237,
            0.043130856,
            0.059013326,
            0.05035767,
            0.0705308,
            0.076859914,
            0.047036897,
            0.03909747,
            0.030102087,
            0.07883016,
            0.023035783,
            0.011210836,
            0.050637156,
            0.05010868,
            0.07566551,
            0.05343836,
            0.08865353,
            0.006919837,
            0.05066405,
            0.015601314,
            0.09690424,
            0.057879698,
            0.06896021,
            0.048083287,
            0.048358887,
            0.018507618,
            0.01307472,
            0.085594945,
            0.04836593,
            0.007582092,
            0.07287483,
            0.08573415,
            0.053268947,
            0.037312984,
            0.007847554,
            0.027903004,
            0.043384086,
            0.07274883,
            0.04864937,
            0.07986324,
            0.053812295,
            0.05815239,
            0.09476799
        ]
    ],
    "output_data": [
        [
            0.005859375,
            0.023254395,
            0.0057373047,
            0.0010986328,
            -0.0012817383,
            0.01940918,
            0.03137207,
            0.008300781,
            0.0073242188,
            0.027709961,
            0.025817871,
            -0.0040283203,
            0.0099487305,
            -0.0004272461,
            0.010986328,
            -0.008178711,
            0.00079345703,
            -0.007751465,
            -0.00018310547,
            0.009643555,
            0.00579834,
            0.026611328,
            0.019104004,
            0.016479492,
            0.01751709,
            0.043823242,
            0.023376465,
            0.018066406,
            -0.0012207031,
            0.03765869,
            0.018310547,
            -0.0045166016,
            0.018249512,
            -0.007751465,
            0.008300781,
            -0.015625,
            0.0038452148,
            -0.0040893555,
            0.008666992,
            0.0064086914,
            0.006652832,
            0.010620117,
            0.00579834,
            0.019592285,
            0.01159668,
            0.02166748,
            0.024841309,
            0.008483887,
            0.00079345703,
            0.044311523,
            0.02355957,
            0.009094238,
            0.00970459,
            0.00048828125,
            0.010498047,
            0.0005493164,
            0.0076293945,
            0.00018310547,
            0.0026245117,
            0.0045776367,
            0.0040893555,
            0.02734375,
            0.008605957,
            0.026672363,
            0.02178955,
            0.016662598,
            0.028198242,
            0.03338623,
            0.0079956055,
            0.03277588,
            0.02758789,
            -0.0014038086,
            0.0067749023,
            -0.00024414062,
            0.015075684,
            -0.0059814453,
            0.01550293,
            -0.008361816,
            0.00036621094,
            0.013671875,
            0.000061035156,
            0.015930176,
            0.0026245117,
            0.020690918,
            0.016296387,
            0.011108398,
            0.014404297,
            0.00048828125,
            0.006286621,
            0.027893066,
            0.016906738,
            0.0067749023,
            0.010864258,
            0.0036010742,
            0.016418457,
            0.0040893555,
            -0.003479004,
            0.010314941,
            0.008666992,
            0.009765625,
            -0.064453125,
            -0.11602783,
            -0.037475586,
            -0.12286377,
            -0.04888916,
            -0.10992432,
            -0.054504395,
            -0.109191895,
            -0.07092285,
            -0.097351074,
            -0.08496094,
            -0.093444824,
            -0.07720947,
            -0.09716797,
            -0.07775879,
            -0.093811035,
            -0.07122803,
            -0.087768555,
            -0.078125,
            -0.09057617,
            -0.050964355,
            -0.11871338,
            -0.019470215,
            -0.1317749,
            -0.023803711,
            -0.13220215,
            -0.012878418,
            -0.12670898,
            -0.05065918,
            -0.09838867,
            -0.08984375,
            -0.08782959,
            -0.0736084,
            -0.08862305,
            -0.075927734,
            -0.087402344,
            -0.07348633,
            -0.09637451,
            -0.076660156,
            -0.08892822,
            -0.06286621,
            -0.12554932,
            -0.02911377,
            -0.13348389,
            -0.029724121,
            -0.12664795,
            -0.027160645,
            -0.123046875,
            -0.059814453,
            -0.09625244,
            -0.09362793,
            -0.08911133,
            -0.086120605,
            -0.09942627,
            -0.09411621,
            -0.09899902,
            -0.086120605,
            -0.09136963,
            -0.086364746,
            -0.08807373,
            -0.05230713,
            -0.12512207,
            -0.014770508,
            -0.13452148,
            -0.021972656,
            -0.1296997,
            -0.028808594,
            -0.12042236,
            -0.03765869,
            -0.10003662,
            -0.07904053,
            -0.08557129,
            -0.068115234,
            -0.088012695,
            -0.057250977,
            -0.08508301,
            -0.0770874,
            -0.09515381,
            -0.08239746,
            -0.08947754,
            -0.06500244,
            -0.11328125,
            -0.056274414,
            -0.10626221,
            -0.068237305,
            -0.1194458,
            -0.055114746,
            -0.115478516,
            -0.07727051,
            -0.08514404,
            -0.08868408,
            -0.10064697,
            -0.08886719,
            -0.09637451,
            -0.088256836,
            -0.09851074,
            -0.094055176,
            -0.09777832,
            -0.09240723,
            -0.08618164,
            0.08013916,
            0.10266113,
            0.09020996,
            0.087768555,
            0.09106445,
            0.10217285,
            0.11206055,
            0.096069336,
            0.08905029,
            0.082458496,
            0.064208984,
            0.066467285,
            0.068603516,
            0.061584473,
            0.0680542,
            0.08520508,
            0.06213379,
            0.06890869,
            0.08483887,
            0.08544922,
            0.07507324,
            0.10223389,
            0.07409668,
            0.103393555,
            0.086242676,
            0.10949707,
            0.09527588,
            0.09240723,
