{"input_data":[[0.07125144,0.03979198,0.094827555,0.07798246,0.0055745426,0.0398322,0.042051017,0.030539393,0.018002236,0.05911199,0.088033885,0.049943056,0.010196567,0.062425263,0.0016872644,0.03225843,0.07087379,0.0071382164,0.021340353,0.047014322,0.019592572,0.047360122,0.05961397,0.00901165,0.07680684,0.06734418,0.064819984,0.009148324,0.052732557,0.010141957,0.05210029,0.04912982,0.09983569,0.0038829565,0.0038809539,0.044841766,0.050213005,0.036847193,0.09384131,0.0072208466,0.030280633,0.07382446,0.007554126,0.0024671138,0.018360877,0.068717115,0.016713506,0.001970792,0.0064952434,0.0024931014,0.0020159483,0.06848832,0.08981904,0.09377986,0.08566587,0.07826771,0.06945887,0.06789765,0.06947895,0.035527546,0.06298275,0.057751473,0.09586954,0.056029327,0.029260665,0.08392023,0.036284328,0.0109379655,0.084948644,0.09501985,0.09143295,0.046929836,0.038068634,0.06909551,0.046529092]],"output_data":[[0.053771973,0.043273926,0.05834961,0.037597656,0.06298828,0.037841797,0.050109863,0.026000977,0.05871582,0.023803711,0.0513916,0.023376465,0.054382324,0.026672363,0.05419922,0.039794922,0.07006836,0.060180664,0.044189453,0.040893555,0.052612305,0.0413208,0.03289795,0.024963379,0.044921875,0.032958984,0.034057617,0.034606934,0.0579834,0.03930664,0.05090332,0.039611816,0.06530762,0.04437256,0.051757812,0.041870117,0.028686523,0.029907227,0.06549072,0.041748047,0.039733887,0.032836914,0.03363037,0.027770996,0.051879883,0.02142334,0.06262207,0.039001465,0.060180664,0.045410156,0.043029785,0.05657959,0.062316895,0.046691895,0.03741455,0.03704834,0.042541504,0.029724121,0.06298828,0.0390625,0.030761719,0.018249512,0.049926758,0.025817871,0.053833008,0.048828125,0.058898926,0.04333496,0.049560547,0.033935547,0.058654785,0.05987549,0.042114258,0.03338623,0.032287598,0.026855469,0.04876709,0.035949707,0.044128418,0.032165527,0.016418457,0.09802246,0.09686279,0.10119629,0.11016846,0.097717285,0.09765625,0.09112549,0.08465576,0.0715332,0.07470703,0.06365967,0.08306885,0.06555176,0.08215332,0.07116699,0.0715332,0.06390381,0.07556152,0.0769043,0.1015625,0.09222412,0.1003418,0.09246826,0.08905029,0.08166504,0.08026123,0.09118652,0.06536865,0.07299805,0.09289551,0.07849121,0.0692749,0.059936523,0.073791504,0.076660156,0.080200195,0.09008789,0.091918945,0.07897949,0.088012695,0.08520508,0.1048584,0.10571289,0.08013916,0.07849121,0.067993164,0.066467285,0.07879639,0.07293701,0.09649658,0.08581543,0.06652832,0.06085205,0.078430176,0.08679199,0.09716797,0.075927734,0.07550049,0.09082031,0.0826416,0.08666992,0.08770752,0.0847168,0.06890869,0.07458496,0.06896973,0.06744385,0.09112549,0.07092285,0.08117676,0.07067871,0.068115234,0.08691406,0.09283447,0.075683594,0.08288574,0.07928467,0.0748291,0.0793457,0.08166504,0.078308105,-0.05999756,-0.082336426,-0.0579834,-0.08496094,-0.059448242,-0.080200195,-0.064819336,-0.08441162,-0.093688965,-0.082458496,-0.08477783,-0.09539795,-0.08630371,-0.09564209,-0.09307861,-0.09436035,-0.08746338,-0.095458984,-0.08502197,-0.09399414,-0.06060791,-0.08380127,-0.06427002,-0.083862305,-0.0769043,-0.075683594,-0.07336426,-0.09509277,-0.077941895,-0.08404541,-0.07873535,-0.09423828,-0.080322266,-0.112854004,-0.08654785,-0.08880615,-0.07928467,-0.08898926,-0.082336426,-0.08074951,-0.07055664,-0.0947876,-0.060913086,-0.07318115,-0.08319092,-0.085754395,-0.08380127,-0.095947266,-0.081726074,-0.08117676,-0.08453369,-0.08959961,-0.08343506,-0.10211182,-0.08111572,-0.083618164,-0.06085205,-0.0871582,-0.07751465,-0.0836792,-0.0869751,-0.09509277,-0.08862305,-0.08892822,-0.08514404,-0.097595215,-0.083618164,-0.09539795,-0.085632324,-0.093811035,-0.089416504,-0.095214844,-0.09283447,-0.08215332,-0.09082031,-0.095825195,-0.070007324,-0.095458984,-0.08679199,-0.08538818,-0.09692383]]}