{"input_data":[[0.61017877,0.21496391,0.8960367]],"input_shapes":[[3]],"output_data":[[0.44140625,0.12890625,0.734375]]}