{
    "input_data": [
        [
            0.61017877,
            0.21496391,
            0.8960367
        ]
    ],
    "input_shapes": [
        [
            3
        ]
    ],
    "output_data": [
        [
            0.4427490234375,
            0.128173828125,
            0.7335205078125
        ]
    ]
}