{
    "input_data": [
        [
            0.044575035572052,
            0.05059623718261719,
            0.080270916223526
        ]
    ],
    "output_data": [
        [
            0.023079926148056984,
            0.02631896547973156,
            0.04270325228571892
        ]
    ]
}