{"input_data":{"File":[[0.6101787686347961,0.2149639129638672,0.896036684513092]]},"output_data":{"File":[[0.4427490234375,0.128173828125,0.733489990234375]]}}