{"input_data":[[0.61017877,0.21496391,0.8960367]],"input_shapes":[[3]],"output_data":[[0.44274902,0.12817383,0.73349]]}