{
    "input_data": [
        [
            0.61017877,
            0.21496391,
            0.8960367
        ]
    ],
    "input_shapes": [
        [
            3
        ]
    ],
    "output_data": [
        [
            0.4453125,
            0.1328125,
            0.734375
        ]
    ]
}