{"inputs":[["0d27000000000000000000000000000000000000000000000000000000000000","c20d000000000000000000000000000000000000000000000000000000000000","5939000000000000000000000000000000000000000000000000000000000000"]],"pretty_elements":{"rescaled_inputs":[["0.61016845703125","0.2149658203125","0.89605712890625"]],"inputs":[["0x000000000000000000000000000000000000000000000000000000000000270d","0x0000000000000000000000000000000000000000000000000000000000000dc2","0x0000000000000000000000000000000000000000000000000000000000003959"]],"processed_inputs":[],"processed_params":[],"processed_outputs":[],"rescaled_outputs":[["0.44488525390625","0.12579345703125","0.730224609375"]],"outputs":[["0x0000000000000000000000000000000000000000000000000000000000001c79","0x000000000000000000000000000000000000000000000000000000000000080d","0x0000000000000000000000000000000000000000000000000000000000002ebc"]]},"outputs":[["791c000000000000000000000000000000000000000000000000000000000000","0d08000000000000000000000000000000000000000000000000000000000000","bc2e000000000000000000000000000000000000000000000000000000000000"]],"processed_inputs":null,"processed_params":null,"processed_outputs":null,"max_lookup_inputs":10381,"min_lookup_inputs":-8191}