{"input_data":[[1.5417295,0.5346153,1.2172532]],"output_data":[[0.28125,0.6484375,0.0,0.0]],"hashes":[[5433947133905000916,318143087068079293,9226061489524152830,340030609251472403],[13571973922229172956,7573860652326485850,8915840504457676572,1444817419847719977]]}