{
    "input_data": [
        [
            1.5417295,
            0.5346153,
            1.2172532
        ]
    ],
    "output_data": [
        [
            0.28125,
            0.6484375,
            0.0,
            0.0
        ]
    ],
    "hashes": [
        [
            5433947133905000916,
            318143087068079293,
            9226061489524152830,
            340030609251472403
        ]
    ]
}