{
  "input_shapes": [
    [
      3
    ]
  ],
  "input_data": [
    [
      1.54172945022583,
      0.5346152782440186,
      1.2172532081604004
    ]
  ],
  "output_data": [
    [
      0.28125,
      0.6484375,
      0.0,
      0.0
    ]
  ]
}
