{"input_shapes": [[3]], "input_data": [0.32882750034332275, 0.14796870946884155, 0.4332422614097595], "output_data": [0.26928138732910156, 0.10952621698379517, 0.0, 0.4555244445800781]}