{"input_shapes": [[3, 2, 3], [3, 2, 3], [3, 2, 3]], "input_data": [[0.05958348140120506, 0.03365662693977356, 0.09331950545310974, 0.09035893529653549, 0.09728455543518066, 0.05756017193198204, 0.017870688810944557, 0.07343524694442749, 0.05611729249358177, 0.05407485365867615, 0.016963446512818336, 0.04203088954091072, 0.008616829290986061, 0.08036879450082779, 0.0664466917514801, 0.03049074485898018, 0.08408273756504059, 0.08069352060556412]], "output_data": [[0.05958348140120506, 0.03365662693977356, 0.09331950545310974, 0.09035893529653549, 0.09728455543518066, 0.05756017193198204, 0.017870688810944557, 0.07343524694442749, 0.05611729249358177, 0.05407485365867615, 0.016963446512818336, 0.04203088954091072, 0.008616829290986061, 0.08036879450082779, 0.0664466917514801, 0.03049074485898018, 0.08408273756504059, 0.08069352060556412]]}