{"input_shapes": [[1, 28, 28]], "input_data": [[[0.4666026830673218, 0.49492084980010986, 0.37020379304885864, 0.3942868709564209, 0.05329012870788574, 0.9544358849525452, 0.9543167948722839, 0.5296874046325684, 0.3609428405761719, 0.37603914737701416, 0.9213130474090576, 0.40798693895339966, 0.5091547966003418, 0.9249414801597595, 0.13626134395599365, 0.6777939200401306, 0.8455435633659363, 0.5648432374000549, 0.4259757399559021, 0.8770102858543396, 0.08436161279678345, 0.20411062240600586, 0.6722778081893921, 0.6896250247955322, 0.03811293840408325, 0.6310878992080688, 0.8885956406593323, 0.610579788684845], [0.504721462726593, 0.08466476202011108, 0.44692331552505493, 0.8519968390464783, 0.8824693560600281, 0.5253919959068298, 0.3883463144302368, 0.4936203956604004, 0.7588387131690979, 0.7966761589050293, 0.5644572973251343, 0.6401733756065369, 0.7097681164741516, 0.4160988926887512, 0.9156680107116699, 0.4342988133430481, 0.8740172386169434, 0.38094520568847656, 0.31874024868011475, 0.248058021068573, 0.15318512916564941, 0.45642513036727905, 0.07041215896606445, 0.40357154607772827, 0.16118323802947998, 0.14111649990081787, 0.09513306617736816, 0.09937036037445068], [0.8246155977249146, 0.36238163709640503, 0.8418596982955933, 0.2276960015296936, 0.572847306728363, 0.7114279270172119, 0.7986041307449341, 0.5750983953475952, 0.20085662603378296, 0.41548317670822144, 0.07390040159225464, 0.39320075511932373, 0.10425359010696411, 0.6118968725204468, 0.3171536922454834, 0.15290957689285278, 0.1378190517425537, 0.301601767539978, 0.6759130358695984, 0.6639668345451355, 0.2565659284591675, 0.24573540687561035, 0.4188028573989868, 0.2942168116569519, 0.25251466035842896, 0.1841464638710022, 0.0762711763381958, 0.664978563785553], [0.24979168176651, 0.6933775544166565, 0.6528983116149902, 0.22604799270629883, 0.8686301112174988, 0.06669396162033081, 0.5270050168037415, 0.04531162977218628, 0.9014208912849426, 0.36210983991622925, 0.9221100807189941, 0.4911925792694092, 0.9449446201324463, 0.9361071586608887, 0.9292012453079224, 0.6058233380317688, 0.7949244976043701, 0.4865065813064575, 0.07386958599090576, 0.5647726058959961, 0.8906773924827576, 0.4642866849899292, 0.2621554732322693, 0.7251402139663696, 0.9505144953727722, 0.17774194478988647, 0.4930763244628906, 0.0112990140914917], [0.574262261390686, 0.13653939962387085, 0.23816150426864624, 0.2540193200111389, 0.9275228977203369, 0.4071432948112488, 0.5490319728851318, 0.1270579695701599, 0.30364418029785156, 0.12736576795578003, 0.1451091170310974, 0.454487681388855, 0.05475008487701416, 0.3154700994491577, 0.1265447735786438, 0.801134467124939, 0.7845727205276489, 0.5476409792900085, 0.21424347162246704, 0.4999735951423645, 0.24935173988342285, 0.4992114305496216, 0.8065542578697205, 0.4850209951400757, 0.9188346862792969, 0.9551870226860046, 0.608794093132019, 0.3288901448249817], [0.04310518503189087, 0.45998436212539673, 0.25767892599105835, 0.24213898181915283, 0.28539639711380005, 0.2529824376106262, 0.1676417589187622, 0.5748799443244934, 0.2060180902481079, 0.6295973062515259, 0.349107563495636, 0.6713852286338806, 0.8588163256645203, 0.8802169561386108, 0.23934346437454224, 0.2906750440597534, 0.669560432434082, 0.8550722002983093, 0.2734828591346741, 0.1637541651725769, 0.5003865957260132, 0.6650375723838806, 0.2684023380279541, 0.5173981189727783, 0.9012130498886108, 0.8341429233551025, 0.3084813356399536, 0.2492263913154602], [0.9837067127227783, 0.7747218012809753, 0.9411540031433105, 0.28540122509002686, 0.1439695954322815, 0.9521703720092773, 0.9435692429542542, 0.9370771646499634, 0.8560910224914551, 0.6630291938781738, 0.10716301202774048, 0.19113337993621826, 0.8166434168815613, 0.011418581008911133, 0.893589198589325, 0.14900332689285278, 0.8498425483703613, 0.49622106552124023, 0.5031547546386719, 0.9573748707771301, 0.1885700821876526, 0.6335151195526123, 0.16531670093536377, 0.960223376750946, 0.23116546869277954, 0.9548554420471191, 0.23500102758407593, 0.6470789909362793], [0.8780431747436523, 0.38341718912124634, 0.7353092432022095, 0.6164100766181946, 0.9752596020698547, 0.18239039182662964, 0.45700061321258545, 0.36325716972351074, 0.3448113799095154, 0.9819164872169495, 0.13884097337722778, 0.7790896892547607, 0.5806249976158142, 0.7637614607810974, 0.08935350179672241, 0.009540319442749023, 0.6082803010940552, 0.9997117519378662, 0.02495628595352173, 0.18411046266555786, 0.9139496684074402, 0.958703339099884, 0.9702726006507874, 0.6326926350593567, 0.9695749878883362, 0.2662307620048523, 0.757473349571228, 0.850373387336731], [0.6627860069274902, 0.17902493476867676, 0.7409259080886841, 0.5347208976745605, 0.0714767575263977, 0.30165666341781616, 0.6623702049255371, 0.32254642248153687, 0.7203959226608276, 0.45072662830352783, 0.8188378810882568, 0.21930044889450073, 0.37648653984069824, 0.6383543610572815, 0.16772115230560303, 0.9789137840270996, 0.6809796094894409, 0.8603332042694092, 0.8271830677986145, 0.9018895030021667, 0.6744967103004456, 0.7670403122901917, 0.3809646964073181, 0.5666731595993042, 0.25949645042419434, 0.34609562158584595, 0.18011558055877686, 0.5034364461898804], [0.1254529356956482, 0.04604208469390869, 0.902891993522644, 0.30998194217681885, 0.08440291881561279, 0.8519070744514465, 0.3209097981452942, 0.8193618059158325, 0.7826201319694519, 0.07661181688308716, 0.6470559239387512, 0.6545476913452148, 0.7155168056488037, 0.6397120356559753, 0.7905194759368896, 0.5916799306869507, 0.8145458102226257, 0.8066979050636292, 0.9015786051750183, 0.36435943841934204, 0.7951666116714478, 0.7473223209381104, 0.5497239232063293, 0.28065478801727295, 0.664177417755127, 0.5417938828468323, 0.062179386615753174, 0.8641490936279297], [0.2072506546974182, 0.6724733114242554, 0.4854162335395813, 0.0642540454864502, 0.2923067808151245, 0.3552560806274414, 0.8574875593185425, 0.12216758728027344, 0.3401322364807129, 0.7729528546333313, 0.7075010538101196, 0.8537441492080688, 0.16996008157730103, 0.09253120422363281, 0.06772571802139282, 0.4011036157608032, 0.9773775339126587, 0.07478338479995728, 0.046465516090393066, 0.7536096572875977, 0.91179358959198, 0.5860111713409424, 0.484195351600647, 0.5101670622825623, 0.8094620704650879, 0.8964056968688965, 0.5240468978881836, 0.4240264892578125], [0.3025222420692444, 0.9652236104011536, 0.18076294660568237, 0.5234977006912231, 0.8741768598556519, 0.522256076335907, 0.8327329158782959, 0.8251776695251465, 0.33101993799209595, 0.8205386996269226, 0.691156804561615, 0.5251480937004089, 0.981613039970398, 0.12346875667572021, 0.6652740240097046, 0.5463224053382874, 0.6907845139503479, 0.5300939679145813, 0.6970324516296387, 0.048323988914489746, 0.38715308904647827, 0.12424319982528687, 0.9279819130897522, 0.20042526721954346, 0.08603543043136597, 0.9675829410552979, 0.8496906757354736, 0.8191599249839783], [0.7306920886039734, 0.4140625596046448, 0.2915029525756836, 0.5691555738449097, 0.7898645997047424, 0.6436508893966675, 0.7004522681236267, 0.5780751705169678, 0.27388888597488403, 0.2707749009132385, 0.2336825728416443, 0.12983548641204834, 0.7163675427436829, 0.5483459830284119, 0.976647138595581, 0.8743767738342285, 0.9843910336494446, 0.655807375907898, 0.8240980505943298, 0.32712286710739136, 0.4313211441040039, 0.34159165620803833, 0.3816523551940918, 0.7193512320518494, 0.20300543308258057, 0.028742671012878418, 0.7372999787330627, 0.8344364762306213], [0.8535227179527283, 0.41424286365509033, 0.7479603886604309, 0.40013623237609863, 0.608581006526947, 0.8366269469261169, 0.5314755439758301, 0.7541855573654175, 0.6735144853591919, 0.3755410313606262, 0.7197208404541016, 0.4352002739906311, 0.02434253692626953, 0.9208034873008728, 0.08748513460159302, 0.08016061782836914, 0.8270538449287415, 0.6198193430900574, 0.08468914031982422, 0.5059608817100525, 0.5206859707832336, 0.2919180989265442, 0.9535040855407715, 0.30794060230255127, 0.06820613145828247, 0.3375277519226074, 0.9358600378036499, 