{"input_shapes": [[3]], "input_data": [0.6994708180427551, 0.31101560592651367, 0.33608901500701904], "output_data": [0.6994708180427551, 0.31101560592651367, 0.33608901500701904]}