{"input_data":{"File":[[3.394426107406616,1.1624923944473267,-0.5661267638206482]]},"output_data":{"File":[[3.394426107406616,1.1624923944473267,0.0]]}}