{
    "input_data": [
        [
            0.03275791555643082,
            0.08554970473051071,
            0.0703943744301796,
            0.0022541345097124577,
            0.019442100077867508,
            0.09329855442047119,
            0.08148480206727982,
            0.06301572918891907,
            0.029855728149414062,
            0.03273328021168709,
            0.0037948607932776213,
            0.09524455666542053
        ]
    ],
    "output_data": [
        [
            0.032757751643657684,
            0.08554928004741669,
            0.07039402425289154,
            0.0022541233338415623,
            0.019442003220319748,
            0.09329808503389359,
            0.08148439228534698,
            0.063015416264534,
            0.029855579137802124,
            0.032733116298913956,
            0.0037948417011648417,
            0.09524407982826233
        ]
    ]
}