{"input_data":[[0.0655114,0.027218802,0.06970999,0.083300814,0.09590714,0.0091673015,0.04659469,0.06422287,0.019517047,0.070792496,0.07145124,0.05801461]],"input_shapes":[[3,2,2]],"output_data":[[0.05810547,0.016906738,0.066345215,0.08282471,0.09106445,0.0004272461,0.041625977,0.05810547,0.008666992,0.066345215,0.066345215,0.049865723]]}