{"input_data":{"File":[[0.06551139801740646,0.027218801900744438,0.06970998644828796,0.08330081403255463,0.09590713679790497,0.009167301468551159,0.04659469053149223,0.06422287225723267,0.019517047330737114,0.07079249620437622,0.07145123928785324,0.058014608919620514]]},"output_data":{"File":[[0.0594482421875,0.01824951171875,0.06768798828125,0.08416748046875,0.09320068359375,0.0025634765625,0.04376220703125,0.06024169921875,0.01068115234375,0.068359375,0.068359375,0.0518798828125]]}}