{
    "input_data": [
        [
            0.0655114,
            0.027218802,
            0.06970999,
            0.083300814,
            0.09590714,
            0.0091673015,
            0.04659469,
            0.06422287,
            0.019517047,
            0.070792496,
            0.07145124,
            0.05801461
        ]
    ],
    "input_shapes": [
        [
            1,
            3,
            2,
            2
        ]
    ],
    "output_data": [
        [
            0.059448242,
            0.018249512,
            0.06768799,
            0.08416748,
            0.09320068,
            0.0025634766,
            0.043762207,
            0.0602417,
            0.010681152,
            0.068359375,
            0.068359375,
            0.051879883
        ]
    ]
}