{"input_shapes": [[4]], "input_data": [[0.48523521423339844, 0.7203468084335327, 0.2973620891571045, 0.0011389851570129395]], "output_data": [[0.0]]}