{
    "input_shapes": [
        [
            4
        ]
    ],
    "input_data": [
        [
            0.7871868014335632,
            0.137956440448761,
            0.38045984506607056,
            0.012494146823883057
        ]
    ],
    "output_data": [
        [
            0.02
        ]
    ]
}