{
    "input_data": [
        [
            0.045095213,
            0.051725514,
            0.016257806,
            0.06331309,
            0.04943485,
            0.084273316,
            0.07658906,
            0.058640968,
            0.018292326,
            0.09773122,
            0.039461672,
            0.015873319
        ]
    ],
    "input_shapes": [
        [
            1,
            3,
            2,
            2
        ]
    ],
    "output_data": [
        [
            0.0,
            0.046875,
            0.0546875,
            0.0,
            0.0,
            0.015625,
            0.0625,
            0.0,
            0.0,
            0.046875,
            0.0859375,
            0.0,
            0.0,
            0.078125,
            0.0625,
            0.0,
            0.0,
            0.015625,
            0.1015625,
            0.0,
            0.0,
            0.0390625,
            0.015625,
            0.0
        ]
    ]
}