{
    "input_data": [
        [
            0.0778316780924797,
            0.011880695819854736,
            0.018255610018968582,
            0.027667135000228882,
            0.07441926002502441,
            0.06999454647302628,
            0.0823160782456398,
            0.015240716747939587,
            0.0963197872042656,
            0.049370087683200836,
            0.02386382222175598,
            0.06901732087135315
        ]
    ],
    "output_data": [
        [
            0.0,
            0.0778316780924797,
            0.011880695819854736,
            0.0,
            0.0,
            0.018255610018968582,
            0.027667135000228882,
            0.0,
            0.0,
            0.07441926002502441,
            0.06999454647302628,
            0.0,
            0.0,
            0.0823160782456398,
            0.015240716747939587,
            0.0,
            0.0,
            0.0963197872042656,
            0.049370087683200836,
            0.0,
            0.0,
            0.02386382222175598,
            0.06901732087135315,
            0.0
        ]
    ]
}