{"input_data":{"File":[[0.04509521275758743,0.051725514233112335,0.01625780574977398,0.0633130893111229,0.0494348518550396,0.0842733159661293,0.07658906280994415,0.058640968054533005,0.018292326480150223,0.09773121774196625,0.03946167230606079,0.015873318538069725]]},"output_data":{"File":[[0.0,0.046875,0.0546875,0.0,0.0,0.015625,0.0625,0.0,0.0,0.046875,0.0859375,0.0,0.0,0.078125,0.0625,0.0,0.0,0.015625,0.1015625,0.0,0.0,0.0390625,0.015625,0.0]]}}