{"input_shapes": [[3, 2, 2]], "input_data": [[[0.35069459676742554, 0.9442649483680725], [0.5642528533935547, 0.37925267219543457]], [[0.40652889013290405, 0.06464052200317383], [0.4545409679412842, 0.3709089756011963]], [[0.24401235580444336, 0.6131560802459717], [0.030058324337005615, 0.39410436153411865]]], "output_data": [[[0.0, 0.35069459676742554, 0.9442649483680725, 0.0], [0.0, 0.5642528533935547, 0.37925267219543457, 0.0]], [[0.0, 0.40652889013290405, 0.06464052200317383, 0.0], [0.0, 0.4545409679412842, 0.3709089756011963, 0.0]], [[0.0, 0.24401235580444336, 0.6131560802459717, 0.0], [0.0, 0.030058324337005615, 0.39410436153411865, 0.0]]]}