{"input_shapes": [[3, 2, 3], [3, 2, 3], [3, 2, 3], [3, 2, 3]], "input_data": [[0.7892400026321411, 0.25071728229522705, -0.01428520679473877, 0.3225269317626953, 0.0006170272827148438, -0.5526629686355591, -0.2516440153121948, -0.3507496118545532, -0.7961220741271973, 0.9889651536941528, -0.6619179248809814, 0.9950156211853027, -0.47610318660736084, 0.6349306106567383, -0.5361665487289429, -0.9967131614685059, 0.8822346925735474, 0.3082770109176636], [0.9922001361846924, -0.011475443840026855, 0.19532406330108643, 0.1835728883743286, 0.3147423267364502, -0.9256751537322998, -0.9404548406600952, -0.6940211057662964, -0.7518240213394165, 0.13125097751617432, 0.3431934118270874, 0.09354889392852783, -0.024529576301574707, -0.9183459281921387, 0.23263227939605713, -0.2226729393005371, 0.15642201900482178, -0.06850898265838623], [0.6082166433334351, 0.07009279727935791, -0.22466659545898438, -0.5144466161727905, 0.19900774955749512, -0.269636869430542, 0.4097026586532593, 0.8639260530471802, 0.28009235858917236, 0.20683801174163818, 0.9742511510848999, 0.978236198425293, -0.2888660430908203, 0.34126007556915283, -0.2837867736816406, 0.523461103439331, 0.3291923999786377, 0.6598212718963623]], "output_data": [[1.0, 0.0, -0.0, 0.0, 0.0, -1.0, -0.0, -0.0, -1.0, 1.0, -1.0, 1.0, -0.0, 1.0, -1.0, -1.0, 1.0, 0.0], [0.0, -1.0, 0.0, 0.0, 0.0, -1.0, -1.0, -1.0, -1.0, 0.0, 0.0, 0.0, -1.0, -1.0, 0.0, -1.0, 0.0, -1.0], [1.0, 1.0, -0.0, -0.0, 1.0, -0.0, 1.0, 1.0, 1.0, 1.0, 1.0, 1.0, -0.0, 1.0, -0.0, 1.0, 1.0, 1.0]]}