{"input_shapes": [[3, 2, 3], [3, 2, 3], [3, 2, 3], [3, 2, 3]], "input_data": [[0.029472744092345238, 0.041925497353076935, 0.011641926132142544, 0.049801357090473175, 0.07732906192541122, 0.0028511942364275455, 0.026209235191345215, 0.03734796121716499, 0.07026843726634979, 0.024311929941177368, 0.042791273444890976, 0.05376182869076729, 0.059522777795791626, 0.07098110020160675, 0.043261509388685226, 0.034501224756240845, 0.04973769932985306, 0.09611835330724716], [0.004809266421943903, 0.003886616323143244, 0.031411778181791306, 0.0745111033320427, 0.05869234725832939, 0.09035433828830719, 0.06505435705184937, 0.030242448672652245, 0.09770188480615616, 0.0064952136017382145, 0.09726626425981522, 0.032422907650470734, 0.0789005383849144, 0.04748968034982681, 0.023173971101641655, 0.001038241432979703, 0.024983083829283714, 0.005422812886536121], [0.0001040875940816477, 0.08518324792385101, 0.04888606071472168, 0.004420537035912275, 0.028184814378619194, 0.04702667146921158, 0.08931934833526611, 0.010609435848891735, 0.07630209624767303, 0.03672296553850174, 0.011803055182099342, 0.0525875985622406, 0.05558493733406067, 0.018481403589248657, 0.0537392795085907, 0.025757361203432083, 0.03671383485198021, 0.04645805433392525]], "output_data": [[0.0, 0.0, 0.0, 0.0, 0.0, 0.0, 0.0, 0.0, 0.0, 0.0, 0.0, 0.0, 0.0, 0.0, 0.0, 0.0, 0.0, 0.0], [0.0, 0.0, 0.0, 0.0, 0.0, 0.0, 0.0, 0.0, 0.0, 0.0, 0.0, 0.0, 0.0, 0.0, 0.0, 0.0, 0.0, 0.0], [1.0, 1.0, 1.0, 1.0, 1.0, 1.0, 1.0, 1.0, 1.0, 1.0, 1.0, 1.0, 1.0, 1.0, 1.0, 1.0, 1.0, 1.0]]}