{
    "input_data": [
        [
            0.07667298,
            0.018623013,
            0.07226746,
            0.0318322,
            0.039216794,
            0.022919834
        ]
    ],
    "input_shapes": [
        [
            1,
            3,
            2
        ]
    ],
    "output_data": [
        [
            0.0703125,
            0.03125
        ]
    ]
}