{"input_data":[[0.004178453,0.03224535,0.055559784,0.09064915,0.057900615,0.008600694,0.035037853,0.037201893,0.09552022,0.029988283,0.09616937,0.0137616275,0.072208226,0.011802793,0.045252007,0.018751329,0.040175803,0.046748757]],"input_shapes":[[3,2,3]],"output_data":[[0.03125,0.0546875,0.0390625,0.09375,0.015625,0.0390625]]}