{"input_data":{"File":[[0.0766729786992073,0.01862301304936409,0.07226745784282684,0.03183219954371452,0.039216794073581696,0.022919833660125732]]},"output_data":{"File":[[0.0703125,0.03125]]}}