{
    "input_data": [
        [
            0.09057124704122543,
            0.009343666024506092,
            0.04016369581222534,
            0.019000917673110962,
            0.04542049765586853,
            0.09580112248659134
        ]
    ],
    "output_data": [
        [
            0.04016369581222534,
            0.019000917673110962
        ]
    ]
}