{"input_data": [[-0.8178108930587769, -0.7578157186508179, 0.7703102231025696, 0.6494346857070923, -0.23370350897312164, 0.7817093133926392, -0.3809422254562378, -0.03057863377034664, 0.8016455173492432, -0.41761544346809387, 0.1435360312461853, 0.6445329189300537, 0.1494460254907608, -0.022244011983275414, -0.13665905594825745, -0.5616665482521057, -1.7661423683166504, 0.2926580309867859, 0.32868796586990356, -1.2846440076828003, -0.9041967988014221, -1.4380226135253906, 0.7907257080078125, 0.4992430806159973, 0.07234833389520645, 0.5926093459129333, -1.428568959236145, -0.47000652551651, -0.7236801385879517, 1.047399640083313, -0.381395161151886, -1.6383177042007446, -0.11073373258113861, -1.1986562013626099, 2.3020548820495605, 1.632036566734314, 1.2175196409225464, 0.6135215759277344, 1.1572058200836182, -0.005270327441394329, -0.5894994735717773, 0.49068763852119446, 0.9491999745368958, 0.7771258354187012, -0.5401277542114258, -0.4155702590942383, -1.3421515226364136, 0.9725443720817566, 0.1713171899318695, -1.6459474563598633, 0.6714970469474792, 0.8847706913948059, -0.7998684644699097, -0.5636113882064819, 1.337744951248169, -1.5525301694869995, -1.4909777641296387, -0.14081524312496185, 0.19852036237716675, 0.4959251582622528, 0.9447852373123169, -0.5136250257492065, -0.8373392820358276, 0.6504290103912354, 1.5770331621170044, -0.4501311182975769, -1.1427592039108276, -0.4206354022026062, -0.5120207667350769, 1.7951323986053467, -0.9834446907043457, 1.2970755100250244, 0.6944898962974548, 1.2997950315475464, -0.6487278342247009, -1.5477478504180908, -0.40826255083084106, 0.4631161391735077, -0.5348268747329712, 0.6524029970169067, -1.0882436037063599, -1.7908562421798706, 0.7995123863220215, 0.8283014893531799, -0.6768893599510193, 1.215427279472351, 1.2329398393630981, -0.43664786219596863, -0.222270667552948, 1.7085866928100586, -0.8417433500289917, -0.22579428553581238, -0.30702275037765503, -0.6854153275489807, 1.0838543176651, -0.34622061252593994, -0.7549414038658142, 1.644809603691101, -1.2301491498947144, -1.4236268997192383]], "output_data": [[-1.3725473880767822, -1.2761542797088623, 1.1790587902069092, 0.9848503470420837, -0.434072345495224, 1.1973735094070435, -0.6706381440162659, -0.10771515965461731, 1.2294046878814697, -0.729560375213623, 0.5026463866233826, 1.192981481552124, 0.5107899308204651, 0.2742142677307129, 0.11655913293361664, -0.4690684974193573, -2.1287434101104736, 0.7081249952316284, 0.7577714920043945, -1.465275764465332, -0.8113659620285034, -1.4231443405151367, 1.131060004234314, 0.7970131635665894, 0.30778053402900696, 0.9040133953094482, -1.412310242652893, -0.3137724697589874, -0.6044890880584717, 1.4252151250839233, -0.6222020387649536, -1.6787657737731934, -0.39468517899513245, -1.3091881275177002, 1.6334947347640991, 1.0702801942825317, 0.7218390703201294, 0.2141207754611969, 0.6711394786834717, -0.30603307485580444, -0.5311301350593567, 0.6837159395217896, 1.1993876695632935, 1.0058622360229492, -0.4756036400794983, -0.335518479347229, -1.3776098489761353, 1.225642204284668, 0.3245319128036499, -1.7192777395248413, 0.8168164491653442, 1.0438145399093628, -0.749232828617096, -0.4977723956108093, 1.5259381532669067, -1.5503289699554443, -1.4848155975341797, -0.04776887595653534, 0.31340330839157104, 0.6299463510513306, 0.8433709740638733, -0.6284291744232178, -0.9551154971122742, 0.5463122129440308, 1.4814236164093018, -0.5643523335456848, -1.2633395195007324, -0.5345857739448547, -0.6268101930618286, 1.701525330543518, -1.083391785621643, 1.3584145307540894, 0.7132119536399841, 1.3613264560699463, -0.7250027060508728, -1.6876044273376465, -0.46753087639808655, 0.4654746949672699, -0.6030462980270386, 0.6681485772132874, -1.1327145099639893, -1.771841049194336, 0.5844696760177612, 0.6106574535369873, -0.7585289478302002, 0.9628037810325623, 0.9787339568138123, -0.5399949550628662, -0.3449881970882416, 1.411402702331543, -0.5788917541503906, 0.08994260430335999, 0.00173988938331604, -0.4091414511203766, 1.5120375156402588, -0.040823519229888916, -0.484637051820755, 2.1211564540863037, -1.0006461143493652, -1.21073579788208]]}