{"input_data": [[1.0943644046783447, 0.44880494475364685, -1.0698153972625732, -2.389777183532715, 0.5402113795280457, 0.14789867401123047, 1.1164237260818481, -0.16370412707328796, 0.17953923344612122, -0.818010151386261, 0.6595187783241272, -2.103445529937744, -0.5755698084831238, 1.7413207292556763, -1.0001734495162964, -1.2675751447677612, 1.420081377029419, -2.2076051235198975, 2.3324060440063477, 0.09290998429059982, 0.07403315603733063, 1.3602548837661743, -1.6264687776565552, 1.8271207809448242, 1.8339078426361084, 0.8761650323867798, -0.7980366945266724, 0.27308809757232666, -0.3990512192249298, -0.6410367488861084, -1.0231869220733643, 0.008138755336403847, -0.04157046228647232, 0.09888219833374023, 2.0629217624664307, -0.7192144393920898, 0.08009140938520432, -0.730779767036438, 1.2127952575683594, 0.7039588689804077, 0.1217132955789566, 0.09983210265636444, -0.9343003630638123, -0.32345256209373474, -1.0592668056488037, 0.43905338644981384, -0.1015244722366333, 1.9771671295166016, -0.7854729294776917, -1.0950995683670044, -0.44259393215179443, -1.0983479022979736, 1.4774448871612549, 0.820730447769165, 1.474057912826538, -0.28061604499816895, -0.24569016695022583, -0.364380806684494, 1.3181235790252686, -0.2472018301486969, -1.0176945924758911, -0.5615639686584473, 0.02051752805709839, 0.23759669065475464, 0.2969333827495575, 0.7568954825401306, 0.1753876954317093, 0.558474063873291, -0.9522238373756409, -0.2970127761363983, -0.8894017934799194, -0.2605293095111847, 1.693392038345337, 0.7105498313903809, -0.9713233113288879, 0.09327073395252228, 0.28438758850097656, -1.041593313217163, 0.4102894365787506, -0.37287580966949463, -1.9851306676864624, -0.23204421997070312, -0.13909725844860077, 0.45112910866737366, -2.088010311126709, -0.3079496920108795, 0.396664023399353, 0.7764064073562622, 0.24673601984977722, 0.5647761821746826, -0.4747565984725952, 2.108677387237549, -0.8949713110923767, 1.1397898197174072, 0.29928433895111084, 0.19886550307273865, 0.1842106729745865, -1.352789282798767, 2.119079351425171, -1.7431851625442505]], "output_data": [[1.1594361066818237, 0.5282138586044312, -0.9566794633865356, -2.247326374053955, 0.6175902485847473, 0.2339903861284256, 1.1810054779052734, -0.0706920251250267, 0.26492825150489807, -0.7104665637016296, 0.4938259720802307, -1.3246004581451416, -0.3190392851829529, 1.2058067321777344, -0.5984893441200256, -0.7744778990745544, 0.9943851828575134, -1.3931523561477661, 1.5948253870010376, 0.12091619521379471, -0.1825825423002243, 0.9688023924827576, -1.7048178911209106, 1.386725902557373, 1.3928015232086182, 0.5354605317115784, -0.9632318019866943, -0.004394869320094585, -0.6060726642608643, -0.8226904273033142, -1.323258399963379, -0.17488981783390045, -0.23024043440818787, -0.07384812086820602, 2.1130857467651367, -0.9847886562347412, -0.09477142989635468, -0.9976665377616882, 1.166480302810669, 0.5998973250389099, 0.3264071047306061, 0.3015948235988617, -0.8710649013519287, -0.17839093506336212, -1.0127712488174438, 0.6862565279006958, 0.07326553016901016, 2.430408239364624, -0.7023012638092041, -1.0534039735794067, -0.7682768106460571, -1.5051003694534302, 1.3891326189041138, 0.6512298583984375, 1.385326862335205, -0.5862739086151123, -0.5470302104949951, -0.6803942918777466, 1.2101147174835205, -0.5487287640571594, -1.6241883039474487, -0.835576593875885, 0.17079366743564606, 0.5461053848266602, 0.6486935615539551, 1.4439295530319214, 0.43855124711990356, 1.1008754968643188, -1.510994791984558, -0.37818968296051025, -1.0488866567611694, -0.27742260694503784, 2.1195340156555176, 0.9138404726982117, -1.1493831872940063, 0.15659859776496887, 0.3910495638847351, -1.2355862855911255, 0.5454986095428467, -0.4152427613735199, -1.8206676244735718, -0.00040724212885834277, 0.09610121697187424, 0.7089436054229736, -1.9274893999099731, -0.0792212262749672, 0.6523916125297546, 1.046684741973877, 0.4967186748981476, 0.8269453644752502, -0.49989253282546997, 1.5397255420684814, -0.8316515684127808, 0.7747899293899536, 0.1112118512392044, 0.031931303441524506, 0.02036133222281933, -1.1930983066558838, 1.5479378700256348, -1.5013153553009033]]}