{
    "input_data": [
        [
            0.013129347935318947,
            0.0220404751598835,
            0.07129274308681488,
            0.04898066446185112,
            0.005328661296516657,
            0.04461769014596939,
            0.08381485193967819,
            0.026499813422560692,
            0.03931233286857605,
            0.029572665691375732,
            0.07804399728775024,
            0.024028057232499123,
            0.032309360802173615,
            0.08228959143161774,
            0.01830669678747654,
            0.09176572412252426,
            0.009565961547195911,
            0.04096967726945877
        ]
    ],
    "output_data": [
        [
            0.013129347935318947,
            0.0220404751598835,
            0.07129274308681488,
            0.04898066446185112,
            0.005328661296516657,
            0.04461769014596939,
            0.08381485193967819,
            0.026499813422560692,
            0.03931233286857605,
            0.029572665691375732,
            0.07804399728775024,
            0.024028057232499123,
            0.032309360802173615,
            0.08228959143161774,
            0.01830669678747654,
            0.09176572412252426,
            0.009565961547195911,
            0.04096967726945877
        ]
    ]
}