{"input_shapes": [[3, 2, 3]], "input_data": [[[0.9839773774147034, 0.8763602375984192, 0.5481299161911011], [0.25388532876968384, 0.4769458770751953, 0.7901309728622437]], [[0.5609955191612244, 0.7656272649765015, 0.5069155097007751], [0.5989097356796265, 0.044387757778167725, 0.34129130840301514]], [[0.36857926845550537, 0.008901417255401611, 0.020841658115386963], [0.6514189839363098, 0.9651426672935486, 0.6084656119346619]]], "output_data": [[0.9839773774147034, 0.8763602375984192, 0.5481299161911011, 0.25388532876968384, 0.4769458770751953, 0.7901309728622437], [0.5609955191612244, 0.7656272649765015, 0.5069155097007751, 0.5989097356796265, 0.044387757778167725, 0.34129130840301514], [0.36857926845550537, 0.008901417255401611, 0.020841658115386963, 0.6514189839363098, 0.9651426672935486, 0.6084656119346619]]}