{"input_shapes": [[3, 8, 8]], "input_data": [[[0.7370025515556335, 0.7660411596298218, 0.1647719144821167, 0.03689783811569214, 0.22958266735076904, 0.412731409072876, 0.5879985094070435, 0.3439778685569763], [0.5080122351646423, 0.968783974647522, 0.9169097542762756, 0.279782235622406, 0.20309656858444214, 0.822325587272644, 0.4511842131614685, 0.6983768343925476], [0.7200194597244263, 0.875343382358551, 0.3395538926124573, 0.6835728287696838, 0.5211924314498901, 0.6516708731651306, 0.8319455981254578, 0.6109086275100708], [0.35255634784698486, 0.36479616165161133, 0.8516119718551636, 0.41371065378189087, 0.6698155999183655, 0.7267065048217773, 0.35168665647506714, 0.26808691024780273], [0.24279069900512695, 0.5034591555595398, 0.8091345429420471, 0.17330169677734375, 0.5153777003288269, 0.7667388916015625, 0.9004204869270325, 0.3765973448753357], [0.34274566173553467, 0.04978764057159424, 0.9675087928771973, 0.019266784191131592, 0.3039870858192444, 0.01993483304977417, 0.8448487520217896, 0.5705872178077698], [0.6700835227966309, 0.3099660277366638, 0.13224345445632935, 0.4746782183647156, 0.4153987169265747, 0.49342983961105347, 0.46260327100753784, 0.28334569931030273], [0.8479506969451904, 0.30646783113479614, 0.9944127202033997, 0.922256350517273, 0.2970377206802368, 0.8291882276535034, 0.7120319604873657, 0.6908823251724243]], [[0.1707131266593933, 0.8036590218544006, 0.1818569302558899, 0.6091231107711792, 0.25995469093322754, 0.6776073575019836, 0.835287868976593, 0.3217637538909912], [0.874748945236206, 0.3501332998275757, 0.5157826542854309, 0.33549290895462036, 0.7914837002754211, 0.9737123250961304, 0.6399261355400085, 0.3797728419303894], [0.168113112449646, 0.34696894884109497, 0.5760144591331482, 0.4249725937843323, 0.30834275484085083, 0.28706395626068115, 0.6437059044837952, 0.6011480689048767], [0.27192890644073486, 0.20551955699920654, 0.6890841722488403, 0.4678732752799988, 0.39286184310913086, 0.7893821001052856, 0.18059349060058594, 0.8572025895118713], [0.268204927444458, 0.14962303638458252, 0.7700833082199097, 0.1024884581565857, 0.06400632858276367, 0.615939199924469, 0.892885148525238, 0.9415409564971924], [0.7301848530769348, 0.12130081653594971, 0.6110453605651855, 0.5253244638442993, 0.33969831466674805, 0.7396026253700256, 0.64364093542099, 0.2707962989807129], [0.6225493550300598, 0.42067569494247437, 0.6577684283256531, 0.9504930377006531, 0.20189660787582397, 0.920793890953064, 0.7727348804473877, 0.2660951018333435], [0.12638694047927856, 0.9121050238609314, 0.20002073049545288, 0.43816161155700684, 0.7069125175476074, 0.7822043895721436, 0.0010135769844055176, 0.5009572505950928]], [[0.010695815086364746, 0.7535666823387146, 0.5253446698188782, 0.5807918906211853, 0.039098501205444336, 0.5368367433547974, 0.039939045906066895, 0.734846293926239], [0.9305360317230225, 0.4797077178955078, 0.9355036616325378, 0.291084349155426, 0.925005316734314, 0.6494494080543518, 0.7882041931152344, 0.24813711643218994], [0.9148818254470825, 0.6286720037460327, 0.33809345960617065, 0.7625657320022583, 0.9613974094390869, 0.6239801049232483, 0.5857621431350708, 0.20653825998306274], [0.4318310618400574, 0.9526130557060242, 0.2000247836112976, 0.847106397151947, 0.9465458989143372, 0.9167115092277527, 0.8702675104141235, 0.1608176827430725], [0.5474401712417603, 0.9754623174667358, 0.3004019856452942, 0.8835662007331848, 0.8980108499526978, 0.685947597026825, 0.47328853607177734, 0.5498893857002258], [0.030519723892211914, 0.4044964909553528, 0.8469483256340027, 0.30242717266082764, 0.7398169636726379, 0.44938260316848755, 0.6481637358665466, 0.9351277947425842], [0.3931986689567566, 0.8423091173171997, 0.365487277507782, 0.7934184074401855, 0.8960937857627869, 0.46026915311813354, 0.6178421378135681, 0.15645307302474976], [0.7611390352249146, 0.13453835248947144, 0.19987648725509644, 0.8814072608947754, 0.0792388916015625, 0.8399461507797241, 0.9829471707344055, 0.9520081281661987]]], "output_data": [[[0.6763400435447693, 0.6826639175415039, 0.541100025177002, 0.5092234015464783, 0.5571448802947998, 0.601742684841156, 0.6429058313369751, 0.5851565003395081], [0.6243403553962708, 0.7248770594596863, 0.7144120335578918, 0.5694928765296936, 0.5506003499031067, 0.6947298049926758, 0.610920786857605, 0.667827844619751], [0.6726112961769104, 0.7058563232421875, 0.5840821862220764, 0.6645357012748718, 0.6274265646934509, 0.6573868989944458, 0.6967661380767822, 0.6481480598449707], [0.5872373580932617, 0.5902009606361389, 0.7009051442146301, 0.6019772887229919, 0.6614618897438049, 0.6740821003913879, 0.5870265364646912, 0.5666231513023376], [0.5604012608528137, 0.6232719421386719, 0.691925048828125, 0.5432173013687134, 0.626066267490387, 0.6828150153160095, 0.7110359072685242, 0.5930521488189697], [0.5848573446273804, 0.5124443173408508, 0.7246226668357849, 0.5048165321350098, 0.5754168629646301, 0.5049835443496704, 0.6994854807853699, 0.6388986706733704], [0.661521852016449, 0.5768769979476929, 0.5330127477645874, 0.6164904236793518, 0.6023816466331482, 0.620914101600647, 0.613631546497345, 0.5703662633895874], [0.7001370191574097, 0.5760228633880615, 0.7299586534500122, 0.715501606464386, 0.5737181901931763, 0.6961832642555237, 0.6708499789237976, 0.6661632061004639]], [[0.542574942111969, 0.690756618976593, 0.5453393459320068, 0.6477407217025757, 0.5646252036094666, 0.6632044911384583, 0.6974718570709229, 0.5797539949417114], [0.7057328820228577, 0.5866498947143555, 0.6261610984802246, 0.5830952525138855, 0.6881498098373413, 0.7258588075637817, 0.6547367572784424, 0.5938183665275574], [0.5419295430183411, 0.5858823657035828, 0.6401498317718506, 0.6046725511550903, 0.5764806866645813, 0.5712772011756897, 0.6555907130241394, 0.6459189057350159], [0.5675663948059082, 0.5511997938156128, 0.6657631993293762, 0.6148802638053894, 0.5969714522361755, 0.6876986622810364, 0.5450260639190674, 0.7020758390426636], [0.5666521787643433, 0.5373361110687256, 0.6835389137268066, 0.5255997180938721, 0.5159961581230164, 0.6492944359779358, 0.7094851732254028, 0.7194108366966248], [0.6748458743095398, 0.5302881002426147, 0.6481792330741882, 0.6283919811248779, 0.5841172337532043, 0.6769089698791504, 0.6555760502815247, 0.5672883987426758], [0.6507980823516846, 0.6036449074745178, 0.6587588787078857, 0.7212142944335938, 0.5503033995628357, 0.7152038216590881, 0.6841122508049011, 0.5661340355873108], [0.5315547585487366, 0.7134307026863098, 0.5498391389846802, 0.6078209280967712, 0.6697185635566711, 0.6861550211906433, 0.5002533793449402, 0.6226842403411865]], [[0.5026739239692688, 0.6799553632736206, 0.6283966898918152, 0.6412495970726013, 0.5097733736038208, 0.6310762763023376, 0.5099834203720093, 0.6758678555488586], [0.7171840071678162, 0.6176788806915283, 0.7181904911994934, 0.5722615718841553, 0.7160608768463135, 0.6568863987922668, 0.6874456405639648, 0.5617179274559021], [0.7139980792999268, 0.6521883010864258, 0.5837273597717285, 0.681910514831543, 0.7234014868736267, 0.6511232256889343, 0.6423922181129456, 0.5514518022537231], [0.6063108444213867, 0.721640408039093, 0.5498401522636414, 0.6999598145484924, 0.7204200029373169, 0.7143715620040894, 0.7048013806343079, 0.5401179790496826], [0.6335415244102478, 0.7262069582939148, 0.5745407938957214, 0.707560658454895, 0.7105405926704407, 0.6650648713111877, 0.6161618232727051, 0.6341099143028259], [0.5076293349266052, 0.5997675061225891, 0.6999266147613525, 0.5750357508659363, 0.6769558191299438, 0.6104924082756042, 0.6565965414047241, 0.71811443567276], [0.5970525145530701, 0.6989513039588928, 0.5903681516647339, 0.6885648369789124, 0.7101461291313171, 0.6130779981613159, 0.6497276425361633, 0.5390336513519287], [0.6816009879112244, 0.53358393907547, 0.5498034358024597, 0.7071137428283691, 0.5197993516921997, 0.6984539031982422, 0.7276926040649414, 0.721518874168396]]]}