{"input_data":{"File":[[1.0,1.0,1.0,1.0,1.0,1.0,1.0,1.0,1.0,1.0,1.0,1.0,1.0,1.0,1.0,1.0,1.0,1.0,1.0,1.0,1.0,1.0,1.0,1.0,1.0,1.0,1.0,1.0,1.0,1.0,1.0,1.0,1.0,1.0,1.0,1.0,1.0,1.0,1.0,1.0,1.0,1.0,1.0,1.0,1.0,1.0,1.0,1.0,1.0,1.0,1.0,1.0,1.0,1.0,1.0,1.0,1.0,1.0,1.0,1.0,1.0,1.0,1.0,1.0,1.0,1.0,1.0,1.0,1.0,1.0,1.0,1.0,1.0,1.0,1.0,1.0,1.0,1.0,1.0,1.0,1.0,1.0,1.0,1.0,1.0,1.0,1.0,1.0,1.0,1.0,1.0,1.0,1.0,1.0,1.0,1.0,1.0,1.0,1.0,1.0,1.0,1.0,1.0,1.0,1.0,1.0,1.0,1.0,1.0,1.0,1.0,1.0,1.0,1.0,1.0,1.0,1.0,1.0,1.0,1.0,1.0,1.0,1.0,1.0,1.0,1.0,1.0,1.0,1.0,1.0,1.0,1.0,1.0,1.0,1.0,1.0,1.0,1.0,1.0,1.0,1.0,1.0,1.0,1.0,1.0,1.0,1.0,1.0,1.0,1.0,1.0,1.0,1.0,1.0,1.0,1.0,1.0,1.0,1.0,1.0,1.0,1.0,1.0,1.0,1.0,1.0,1.0,1.0,1.0,1.0,1.0,1.0,1.0,1.0,1.0,1.0,1.0,1.0,1.0,1.0,1.0,1.0,1.0,1.0,1.0,1.0,1.0,1.0,1.0,1.0,1.0,1.0]]},"output_data":{"File":[[0.7310585975646973,0.7310585975646973,0.7310585975646973,0.7310585975646973,0.7310585975646973,0.7310585975646973,0.7310585975646973,0.7310585975646973,0.7310585975646973,0.7310585975646973,0.7310585975646973,0.7310585975646973,0.7310585975646973,0.7310585975646973,0.7310585975646973,0.7310585975646973,0.7310585975646973,0.7310585975646973,0.7310585975646973,0.7310585975646973,0.7310585975646973,0.7310585975646973,0.7310585975646973,0.7310585975646973,0.7310585975646973,0.7310585975646973,0.7310585975646973,0.7310585975646973,0.7310585975646973,0.7310585975646973,0.7310585975646973,0.7310585975646973,0.7310585975646973,0.7310585975646973,0.7310585975646973,0.7310585975646973,0.7310585975646973,0.7310585975646973,0.7310585975646973,0.7310585975646973,0.7310585975646973,0.7310585975646973,0.7310585975646973,0.7310585975646973,0.7310585975646973,0.7310585975646973,0.7310585975646973,0.7310585975646973,0.7310585975646973,0.7310585975646973,0.7310585975646973,0.7310585975646973,0.7310585975646973,0.7310585975646973,0.7310585975646973,0.7310585975646973,0.7310585975646973,0.7310585975646973,0.7310585975646973,0.7310585975646973,0.7310585975646973,0.7310585975646973,0.7310585975646973,0.7310585975646973,0.7310585975646973,0.7310585975646973,0.7310585975646973,0.7310585975646973,0.7310585975646973,0.7310585975646973,0.7310585975646973,0.7310585975646973,0.7310585975646973,0.7310585975646973,0.7310585975646973,0.7310585975646973,0.7310585975646973,0.7310585975646973,0.7310585975646973,0.7310585975646973,0.7310585975646973,0.7310585975646973,0.7310585975646973,0.7310585975646973,0.7310585975646973,0.7310585975646973,0.7310585975646973,0.7310585975646973,0.7310585975646973,0.7310585975646973,0.7310585975646973,0.7310585975646973,0.7310585975646973,0.7310585975646973,0.7310585975646973,0.7310585975646973,0.7310585975646973,0.7310585975646973,0.7310585975646973,0.7310585975646973,0.7310585975646973,0.7310585975646973,0.7310585975646973,0.7310585975646973,0.7310585975646973,0.7310585975646973,0.7310585975646973,0.7310585975646973,0.7310585975646973,0.7310585975646973,0.7310585975646973,0.7310585975646973,0.7310585975646973,0.7310585975646973,0.7310585975646973,0.7310585975646973,0.7310585975646973,0.7310585975646973,0.7310585975646973,0.7310585975646973,0.7310585975646973,0.7310585975646973,0.7310585975646973,0.7310585975646973,0.7310585975646973,0.7310585975646973,0.7310585975646973,0.7310585975646973,0.7310585975646973,0.7310585975646973,0.7310585975646973,0.7310585975646973,0.7310585975646973,0.7310585975646973,0.7310585975646973,0.7310585975646973,0.7310585975646973,0.7310585975646973,0.7310585975646973,0.7310585975646973,0.7310585975646973,0.7310585975646973,0.7310585975646973,0.7310585975646973,0.7310585975646973,0.7310585975646973,0.7310585975646973,0.7310585975646973,0.7310585975646973,0.7310585975646973,0.7310585975646973,0.7310585975646973,0.7310585975646973,0.7310585975646973,0.7310585975646973,0.7310585975646973,0.7310585975646973,0.7310585975646973,0.7310585975646973,0.7310585975646973,0.7310585975646973,0.7310585975646973,0.7310585975646973,0.7310585975646973,0.7310585975646973,0.7310585975646973,0.7310585975646973,0.7310585975646973,0.7310585975646973,0.7310585975646973,0.7310585975646973,0.7310585975646973,0.7310585975646973,0.7310585975646973,0.7310585975646973,0.7310585975646973,0.7310585975646973,0.7310585975646973,0.7310585975646973,0.7310585975646973,0.7310585975646973,0.7310585975646973,0.7310585975646973,0.7310585975646973,0.7310585975646973,0.7310585975646973,0.7310585975646973,0.7310585975646973,0.7310585975646973,0.7310585975646973,0.7310585975646973,0.7310585975646973]]}}