{
    "input_shapes": [
        [
            3
        ]
    ],
    "input_data": [
        [
            -0.008400974795222282,
            0.18489880859851837,
            -0.7444106340408325
        ]
    ],
    "output_data": [
        [
            0.4978998005390167,
            0.5460934638977051,
            0.3220404088497162
        ]
    ]
}