{
    "input_data": [
        [
            0.0899447426199913,
            0.09861885756254196,
            0.09198427945375443
        ]
    ],
    "output_data": [
        [
            0.5224710702896118,
            0.5246347784996033,
            0.5229798555374146
        ]
    ]
}