{"input_shapes": [[3]], "input_data": [0.4053274989128113, 0.5151218771934509, 0.4356006979942322], "output_data": [0.5999669432640076, 0.6260063648223877, 0.6072102785110474]}