{
    "input_data": [
        [
            0.03806924447417259,
            0.031164884567260742,
            0.06032700091600418
        ]
    ],
    "output_data": [
        [
            -0.22414390742778778,
            -0.22414390742778778,
            -0.22414390742778778,
            -0.22414390742778778,
            -0.24921134114265442,
            -0.22414390742778778,
            -0.22414390742778778,
            -0.22414390742778778,
            -0.22414390742778778
        ]
    ]
}