{"input_data":{"File":[[0.011350071988999844,0.03404385969042778,0.04626564309000969]]},"output_data":{"File":[[-0.36590576171875,-0.36590576171875,-0.36590576171875,-0.36590576171875,-0.3919677734375,-0.36590576171875,-0.36590576171875,-0.36590576171875,-0.36590576171875]]}}