{"input_shapes": [[3, 1, 1]], "input_data": [[[0.6901053190231323]], [[0.9727548956871033]], [[0.8073722124099731]]], "output_data": [[[0.15023136138916016, 0.15023136138916016, 0.15023136138916016], [0.15023136138916016, 0.20212818682193756, 0.15023136138916016], [0.15023136138916016, 0.15023136138916016, 0.15023136138916016]]]}