{"input_data":{"File":[[-0.40070000290870667,2.493799924850464,0.5795999765396118]]},"output_data":{"File":[[-0.375,0.984375,0.515625]]}}