{"input_data":[[0.047658026,0.04991783,0.05888891,0.045548785,0.058044095,0.020247573,0.07025584,0.037048895,0.068500765,0.010797709,0.030872935,0.016657853]],"input_shapes":[[3,2,2]],"output_data":[[0.0703125]]}