{
    "input_data": [
        [
            0.057042934000492096,
            0.07780616730451584,
            0.006155169103294611,
            0.030521739274263382,
            0.008220458403229713,
            0.041618090122938156,
            0.028855187818408012,
            0.05213632807135582,
            0.021997511386871338,
            0.09544563293457031,
            0.056343644857406616,
            0.05223743990063667
        ]
    ],
    "output_data": [
        [
            0.09544563293457031
        ]
    ]
}