{"input_data":{"File":[[0.04765802621841431,0.04991782829165459,0.058888908475637436,0.04554878547787666,0.05804409459233284,0.020247573032975197,0.0702558383345604,0.03704889491200447,0.06850076466798782,0.010797709226608276,0.03087293542921543,0.01665785349905491]]},"output_data":{"File":[[0.0703125]]}}