{"input_data":[[0.0008132875,0.061658032,0.06964847,0.0367831]],"input_shapes":[[1,2,2]],"output_data":[[-1.5609741,0.7095337,0.99334717,-0.14190674]]}