{"input_shapes": [[3, 2, 2]], "input_data": [[0.012968450784683228, 0.07738310843706131, 0.026791423559188843, 0.030387181788682938, 0.0008226811769418418, 0.0008844911935739219, 0.050431013107299805, 0.0018652736907824874, 0.02243981324136257, 0.05826736241579056, 0.03202100470662117, 0.01562164444476366]], "output_data": [[-0.977062463760376, 1.6547390222549438, -0.41229474544525146, -0.26538217067718506, -0.5880738496780396, -0.5852068066596985, 1.7129942178726196, -0.5397135019302368, -0.5845468044281006, 1.586229920387268, -0.004026293754577637, -0.9976569414138794]]}