{"input_data":[[0.012968451,0.07738311,0.026791424,0.030387182,0.0008226812,0.0008844912,0.050431013,0.0018652737,0.022439813,0.058267362,0.032021005,0.015621644]],"input_shapes":[[3,2,2]],"output_data":[[-0.70703125,0.0,-0.61865234,-0.53027344,-0.88378906,-0.88378906,-0.35351562,-0.88378906,-0.61865234,-0.26513672,-0.53027344,-0.70703125]]}