{
    "input_data": [
        [
            0.08204241096973419,
            0.08064441382884979,
            0.07021531462669373,
            0.01314044650644064
        ]
    ],
    "output_data": [
        [
            0.7210674285888672,
            0.6719703674316406,
            0.30570459365844727,
            -1.6987426280975342
        ]
    ]
}