{"input_shapes": [[1, 2, 2]], "input_data": [[0.0008132875082083046, 0.06165803223848343, 0.06964846700429916, 0.03678309917449951]], "output_data": [[-1.5342586040496826, 0.719933271408081, 1.0159649848937988, -0.20163965225219727]]}