{
  "input_data": [
    [
      0.8894134163856506,
      0.8894201517105103
    ]
  ],
  "output_data": [
    [
      0.8436377
    ]
  ]
}