{
    "input_shapes": [
        [
            3
        ]
    ],
    "input_data": [
        [
            0.06149055436253548,
            0.04009602218866348,
            0.027487868443131447
        ]
    ],
    "output_data": [
        [
            0.06149055436253548,
            0.04009602218866348,
            0.027487868443131447
        ]
    ]
}