{
    "input_data": [
        [
            0.061490554,
            0.040096022,
            0.027487868
        ]
    ],
    "input_shapes": [
        [
            3
        ]
    ],
    "output_data": [
        [
            0.0625,
            0.0390625,
            0.02734375
        ]
    ]
}