{"input_shapes": [[3]], "input_data": [0.05779391527175903, 0.6746025085449219, 0.8957058787345886], "output_data": [0.05779391527175903, 0.6746025085449219, 0.8957058787345886]}