{
    "input_data": [
        [
            0.051943160593509674,
            0.07010889798402786,
            0.03458389267325401
        ]
    ],
    "output_data": [
        [
            0.051943160593509674,
            0.07010889798402786,
            0.03458389267325401
        ]
    ]
}