{"input_data":{"File":[[0.06149055436253548,0.04009602218866348,0.027487868443131447]]},"output_data":{"File":[[0.0625,0.0390625,0.03125]]}}