{
    "input_data": [
        [
            0.09842102974653244,
            0.051077473908662796,
            0.03679085522890091,
            0.003998667001724243,
            0.04506848379969597,
            0.021126896142959595,
            0.022949744015932083,
            0.04537512734532356,
            0.05119938775897026,
            0.09127011895179749,
            0.08944011479616165,
            0.05771830677986145,
            0.09732270985841751,
            0.07039612531661987,
            0.01733197644352913,
            0.08544888347387314,
            0.04684082791209221,
            0.047317709773778915
        ]
    ],
    "output_data": [
        [
            1.0,
            1.0,
            1.0,
            1.0,
            1.0,
            1.0,
            1.0,
            1.0,
            1.0,
            1.0,
            1.0,
            1.0,
            1.0,
            1.0,
            1.0,
            1.0,
            1.0,
            1.0
        ]
    ]
}