{"input_shapes": [[3, 2, 3], [3, 2, 3], [3, 2, 3]], "input_data": [[0.0011842489475384355, 0.06013156846165657, 0.04343268275260925, 0.04762423038482666, 0.02041110396385193, 0.0581337995827198, 0.09383650124073029, 0.028647636994719505, 0.0974050983786583, 0.005182874388992786, 0.015748310834169388, 0.06492730230093002, 0.08590730279684067, 0.014414429664611816, 0.07110386341810226, 0.05177519470453262, 0.017005449160933495, 0.06996665894985199]], "output_data": [[0.5061543583869934, 0.5330123901367188, 0.5255320072174072, 0.527418851852417, 0.5150554776191711, 0.5321225523948669, 0.5478211641311646, 0.5188260674476624, 0.549367368221283, 0.5080171227455139, 0.5129097700119019, 0.5351426601409912, 0.5443711280822754, 0.5122945308685303, 0.5378748774528503, 0.5292813777923584, 0.5134890675544739, 0.5373728275299072]]}