{"input_shapes": [[3, 2, 3], [3, 2, 3], [3, 2, 3]], "input_data": [[0.04191187024116516, 0.08688127249479294, 0.017527515068650246, 0.061556972563266754, 0.05777094513177872, 0.09474048763513565, 0.05553947016596794, 0.006612259428948164, 0.09763168543577194, 0.03984314948320389, 0.016602570191025734, 0.03850012645125389, 0.08884142339229584, 0.041283030062913895, 0.054407455027103424, 0.039699435234069824, 0.037036407738924026, 0.02072538249194622]], "output_data": [[1.0, 1.0, 1.0, 1.0, 1.0, 1.0, 1.0, 1.0, 1.0, 1.0, 1.0, 1.0, 1.0, 1.0, 1.0, 1.0, 1.0, 1.0]]}