{"input_shapes": [[3, 2, 3], [3, 2, 3], [3, 2, 3]], "input_data": [[0.03349408134818077, 0.08484698086977005, 0.09535442292690277, 0.04203493148088455, 0.06658002734184265, 0.016154397279024124, 0.04308571293950081, 0.0370328426361084, 0.04721144959330559, 0.03633507713675499, 0.04438815265893936, 0.08845165371894836, 0.03185754641890526, 0.0034076333977282047, 0.022349948063492775, 0.06706886738538742, 0.06007048115134239, 0.03501184657216072]], "output_data": [[0.5210330486297607, 0.5439082980155945, 0.5484793782234192, 0.5249014496803284, 0.5358749628067017, 0.5130969882011414, 0.5253755450248718, 0.5226389765739441, 0.527233362197876, 0.5223225951194763, 0.5259628295898438, 0.5454805493354797, 0.5202887058258057, 0.5071909427642822, 0.5159454941749573, 0.5360914468765259, 0.5329852104187012, 0.5217223763465881]]}