{"input_shapes": [[3, 2, 3], [3, 2, 3], [3, 2, 3]], "input_data": [[0.04372026398777962, 0.06951208412647247, 0.030720269307494164, 0.0667996034026146, 0.01852291263639927, 0.07683685421943665, 0.02312265709042549, 0.03342864662408829, 0.08631449192762375, 0.0736749991774559, 0.06523223966360092, 0.019240861758589745, 0.09727724641561508, 0.0489487461745739, 0.05007268860936165, 0.07187704741954803, 0.061942052096128464, 0.02688189223408699]], "output_data": [[-0.5256617665290833, -0.5371719598770142, -0.5197709202766418, -0.5359722375869751, -0.5141875743865967, -0.5403993725776672, -0.5162996053695679, -0.521003246307373, -0.5445488691329956, -0.5390084385871887, -0.5352779030799866, -0.5145178437232971, -0.5493119955062866, -0.5280138254165649, -0.5285181403160095, -0.5382159948348999, -0.5338175892829895, -0.5180198550224304]]}