{"input_shapes": [[4]], "input_data": [[0.2257063388824463, 0.15215307474136353, 0.2121570110321045, 0.010406672954559326]], "output_data": [[0]]}