{"input_shapes": [[4]], "input_data": [[0.6707102656364441, 0.1468753218650818, 0.1916012167930603, 0.8477101922035217]], "output_data": [[0]]}