{"inputs":[["1d00000000000000000000000000000000000000000000000000000000000000","1300000000000000000000000000000000000000000000000000000000000000","1b00000000000000000000000000000000000000000000000000000000000000","0100000000000000000000000000000000000000000000000000000000000000"]],"pretty_elements":{"rescaled_inputs":[["0.2265625","0.1484375","0.2109375","0.0078125"]],"inputs":[["0x000000000000000000000000000000000000000000000000000000000000001d","0x0000000000000000000000000000000000000000000000000000000000000013","0x000000000000000000000000000000000000000000000000000000000000001b","0x0000000000000000000000000000000000000000000000000000000000000001"]],"processed_inputs":[],"processed_params":[],"processed_outputs":[],"rescaled_outputs":[["0"]],"outputs":[["0x0000000000000000000000000000000000000000000000000000000000000000"]]},"outputs":[["0000000000000000000000000000000000000000000000000000000000000000"]],"processed_inputs":null,"processed_params":null,"processed_outputs":null,"max_lookup_inputs":0,"min_lookup_inputs":0,"max_range_size":16383,"version":"source - no compatibility guaranteed"}