{
    "input_data": [
        [
            0.014873981475830078,
            0.06348338723182678
        ]
    ],
    "output_data": [
        [
            0.014873981475830078,
            0.06348338723182678
        ]
    ]
}