{
    "input_data": [
        [
            0.09809841960668564,
            0.0826725885272026
        ]
    ],
    "output_data": [
        [
            0.09809841960668564,
            0.0826725885272026
        ]
    ]
}