{"input_shapes": [[1]], "input_data": [[0.02555464580655098]], "output_data": [[0.9294188022613525]]}