{
    "input_shapes": [
        [
            3
        ]
    ],
    "input_data": [
        [
            -0.40077725052833557,
            2.493845224380493,
            0.5796360969543457
        ]
    ],
    "output_data": [
        [
            0.0,
            2.493845224380493,
            0.5796360969543457
        ]
    ]
}