{"input_data":{"File":[[-0.40077725052833557,2.493845224380493,0.5796360969543457]]},"output_data":{"File":[[0.0,2.493845224380493,0.5796360969543457]]}}