{
    "input_data": [
        [
            0.09175840765237808,
            0.09944342821836472,
            0.06911063194274902
        ]
    ],
    "output_data": [
        [
            0.09175840765237808,
            0.09944342821836472,
            0.06911063194274902
        ]
    ]
}