{"input_shapes": [[3]], "input_data": [0.06574249267578125, 0.18192285299301147, 0.10292649269104004], "output_data": [0.06574249267578125, 0.18192285299301147, 0.10292649269104004]}