{"input_data":{"File":[[0.053012341260910034]]},"output_data":{"File":[[0.00555419921875]]}}