{
    "input_data": [
        [
            0.013183146715164185
        ]
    ],
    "output_data": [
        [
            0.0013183146947994828
        ]
    ]
}