{"input_data":[[0.05301234]],"input_shapes":[[1]],"output_data":[[0.005554199]]}