{"input_shapes": [[1]], "input_data": [0.5176018476486206], "output_data": [0.05176018550992012]}