{"input_shapes": [[4]], "input_data": [[0.4291560649871826, 0.007834196090698242, 0.1443231701850891, 0.6625866293907166]], "output_data": [[0]]}