{"input_shapes": [[4]], "input_data": [[0.8236666917800903, 0.09852254390716553, 0.28209930658340454, 0.8058638572692871]], "output_data": [[0]]}