{
    "input_data": [
        [
            0.03699536994099617,
            0.0850367620587349,
            0.021386194974184036
        ]
    ],
    "output_data": [
        [
            0.0190435741096735,
            0.0453997403383255,
            0.010875547304749489
        ]
    ]
}