{"input_data":[[0.85212487,0.0874908,0.5229686]],"input_shapes":[[3]],"output_data":[[0.6819153,0.045654297,0.3659973]]}