{"input_shapes": [[10]], "input_data": [[0.09634848684072495, 0.0018419743282720447, 0.025365442037582397, 0.03535837680101395, 0.06616969406604767, 0.0812685489654541, 0.07950376719236374, 0.017418397590517998, 0.06335029751062393, 0.029801398515701294]], "output_data": [[]]}