{"input_shapes": [[1, 28, 28]], "input_data": [[[0.804821789264679, 0.32079070806503296, 0.27353203296661377, 0.831809937953949, 0.5499403476715088, 0.6919738054275513, 0.9438036680221558, 0.6039538979530334, 0.9267102479934692, 0.2726725935935974, 0.4211721420288086, 0.2173597812652588, 0.08436179161071777, 0.22497212886810303, 0.33551543951034546, 0.7588627934455872, 0.13473254442214966, 0.19931209087371826, 0.7003363966941833, 0.07636719942092896, 0.34963512420654297, 0.037545740604400635, 0.900567889213562, 0.7822194695472717, 0.083027184009552, 0.8080025911331177, 0.4398738741874695, 0.7488636374473572], [0.9719168543815613, 0.577663779258728, 0.3283897638320923, 0.5807321071624756, 0.4184610843658447, 0.20345228910446167, 0.15422147512435913, 0.5642502903938293, 0.017027556896209717, 0.8000794649124146, 0.6334227323532104, 0.9049673080444336, 0.7966957688331604, 0.3782350420951843, 0.43731290102005005, 0.5148890614509583, 0.9347791075706482, 0.8519567847251892, 0.36288905143737793, 0.5616503953933716, 0.1409476399421692, 0.08549714088439941, 0.5608405470848083, 0.7621446251869202, 0.5787395238876343, 0.20359861850738525, 0.6904726624488831, 0.9430784583091736], [0.9557629227638245, 0.3486987352371216, 0.36683642864227295, 0.9406728148460388, 0.059874892234802246, 0.8156670331954956, 0.6262272000312805, 0.9843441843986511, 0.1269516944885254, 0.7244141101837158, 0.39607369899749756, 0.205988347530365, 0.22105562686920166, 0.07397949695587158, 0.3248004913330078, 0.2987198829650879, 0.457256019115448, 0.026494979858398438, 0.6749276518821716, 0.12059903144836426, 0.5349789261817932, 0.521327793598175, 0.26628655195236206, 0.7483683228492737, 0.48040831089019775, 0.8208353519439697, 0.7304766178131104, 0.15427523851394653], [0.9499098062515259, 0.7498661875724792, 0.4556540846824646, 0.7821483612060547, 0.16883540153503418, 0.2987164258956909, 0.9765445590019226, 0.5324518084526062, 0.42670905590057373, 0.08948218822479248, 0.7291664481163025, 0.3240777254104614, 0.9712642431259155, 0.9915687441825867, 0.8529833555221558, 0.19723504781723022, 0.7477270364761353, 0.860512912273407, 0.0661810040473938, 0.16621840000152588, 0.23636078834533691, 0.697487473487854, 0.4258580803871155, 0.4671696424484253, 0.9610033631324768, 0.17566049098968506, 0.46992164850234985, 0.41129159927368164], [0.3607720136642456, 0.7852333784103394, 0.24348682165145874, 0.823038637638092, 0.05240291357040405, 0.8487094640731812, 0.7953267693519592, 0.3442840576171875, 0.9306066632270813, 0.5731291770935059, 0.8287307024002075, 0.8979355096817017, 0.879255473613739, 0.2962808609008789, 0.8855259418487549, 0.7902324795722961, 0.08173352479934692, 0.5518379807472229, 0.1198880672454834, 0.4635161757469177, 0.7671083807945251, 0.4337330460548401, 0.5126457214355469, 0.27843761444091797, 0.44061440229415894, 0.8988330960273743, 0.7711368203163147, 0.4308522343635559], [0.65944504737854, 0.6393784880638123, 0.3148646950721741, 0.829173743724823, 0.9757626056671143, 0.12519842386245728, 0.49637752771377563, 0.11339813470840454, 0.06562912464141846, 0.6987653970718384, 0.43948644399642944, 0.1396719217300415, 0.33885324001312256, 0.26060229539871216, 0.7788245677947998, 0.9040554165840149, 0.41279858350753784, 0.5017589926719666, 0.4783804416656494, 0.7981114387512207, 0.2987425923347473, 0.5604690313339233, 0.3249512314796448, 0.5137324929237366, 0.3379678726196289, 0.580849289894104, 0.5495180487632751, 0.7834259867668152], [0.36285966634750366, 0.4651223421096802, 0.6347168684005737, 0.3178609609603882, 0.22912722826004028, 0.7218880653381348, 0.9126958250999451, 0.2527605891227722, 0.7674553990364075, 0.3513261675834656, 0.5434673428535461, 0.7806078195571899, 0.18655753135681152, 0.9080273509025574, 0.5691868662834167, 0.379155695438385, 0.945861279964447, 0.4363144636154175, 0.05106395483016968, 0.17429590225219727, 0.7979583740234375, 0.6621330976486206, 0.0027822256088256836, 0.570567786693573, 0.802138090133667, 0.23301774263381958, 0.7116443514823914, 0.41950058937072754], [0.2938111424446106, 0.2982490062713623, 0.8977906703948975, 0.2371748685836792, 0.12331914901733398, 0.7359458208084106, 0.4919375777244568, 0.25431132316589355, 0.7098687291145325, 0.420060396194458, 0.7491853833198547, 0.6072961091995239, 0.4544993042945862, 0.21755385398864746, 0.35069507360458374, 0.9894106388092041, 0.9575709700584412, 0.3118631839752197, 0.32372647523880005, 0.5288977026939392, 0.7730804085731506, 0.22571122646331787, 0.03619641065597534, 0.7877683043479919, 0.1634114384651184, 0.7792369723320007, 0.43207770586013794, 0.8411827087402344], [0.579422116279602, 0.8361666202545166, 0.10741263628005981, 0.7944831848144531, 0.3965764045715332, 0.8259120583534241, 0.2942740321159363, 0.9365225434303284, 0.5840746760368347, 0.2592073678970337, 0.8846995830535889, 0.7404549717903137, 0.8883543014526367, 0.7797901630401611, 0.08216327428817749, 0.9758332371711731, 0.7781739234924316, 0.42839598655700684, 0.49398237466812134, 0.8883888125419617, 0.10181242227554321, 0.3823432922363281, 0.967279314994812, 0.32070988416671753, 0.35655057430267334, 0.6319372653961182, 0.23569297790527344, 0.7005704641342163], [0.07479661703109741, 0.9967480301856995, 0.043350040912628174, 0.4211927652359009, 0.030890822410583496, 0.6561514139175415, 0.7763518691062927, 0.722458004951477, 0.5889291763305664, 0.3030426502227783, 0.15943413972854614, 0.6267411708831787, 0.9284833073616028, 0.9730415940284729, 0.8099685907363892, 0.5597251653671265, 0.11350935697555542, 0.3404645323753357, 0.12769317626953125, 0.37802040576934814, 0.9891063570976257, 0.4667958617210388, 0.702511191368103, 0.739332377910614, 0.4789055585861206, 0.9440556168556213, 0.4778275489807129, 0.9335379004478455], [0.5874107480049133, 0.8645405173301697, 0.37075239419937134, 0.13384616374969482, 0.2724838852882385, 0.39910805225372314, 0.6417273283004761, 0.8359875679016113, 0.4112015962600708, 0.21828651428222656, 0.010199546813964844, 0.5391008257865906, 0.24780017137527466, 0.45084714889526367, 0.34150272607803345, 0.2797010540962219, 0.20718306303024292, 0.0551794171333313, 0.16359758377075195, 0.02679342031478882, 0.2878131866455078, 0.7662394642829895, 0.92214435338974, 0.36255788803100586, 0.39959120750427246, 0.8545619249343872, 0.2939845323562622, 0.09678798913955688], [0.664567768573761, 0.48959726095199585, 0.6273107528686523, 0.29038602113723755, 0.5070881843566895, 0.8001770377159119, 0.21937626600265503, 0.9660390615463257, 0.4461376667022705, 0.6213415861129761, 0.6311525106430054, 0.11580467224121094, 0.4075236916542053, 0.7153280973434448, 0.4447791576385498, 0.9940792918205261, 0.028546929359436035, 0.38580143451690674, 0.2437199354171753, 0.6396773457527161, 0.8796550035476685, 0.42332470417022705, 0.3615836501121521, 0.41015613079071045, 0.1988534927368164, 0.5204660296440125, 0.6474416851997375, 0.01776188611984253], [0.5573930144309998, 0.6379742622375488, 0.27945560216903687, 0.6979348063468933, 0.6221364140510559, 0.8543862104415894, 0.37291914224624634, 0.11779892444610596, 0.6866797804832458, 0.6541593074798584, 0.4814212918281555, 0.5057393312454224, 0.925348699092865, 0.9968492984771729, 0.658388078212738, 0.6047908663749695, 0.5285782217979431, 0.9550765156745911, 0.6068682074546814, 0.7164366841316223, 0.12867212295532227, 0.9125339388847351, 0.692253828048706, 0.6253254413604736, 0.7910942435264587, 0.920818567276001, 0.9384188055992126, 0.9340553283691406], [0.2444394826889038, 0.1798931360244751, 0.9769598245620728, 0.243527352809906, 0.009811639785766602, 0.89007568359375, 0.4617772102355957, 0.2878527045249939, 0.32572633028030396, 0.9514601826667786, 0.9003263711929321, 0.3964579105377197, 0.7821235656738281, 0.08742481470108032, 0.5792047381401062, 0.05868428945541382, 0.04144132137298584, 0.6215264797210693, 0.1909254789352417, 0.4032740592956543, 0.9517126083374023, 0.33083462715148926, 0.563183605670929, 0.46005022525787354, 0.2946622371673584, 0.5459234714508057, 0.25668442249298096, 