{"input_shape": [3, 2, 2], "input_data": [1.0463101863861084, 1.5299336910247803, 1.9941356182098389, 1.513040542602539, 1.4219237565994263, 0.24078583717346191, 0.050214409828186035, 0.4934835433959961, 0.8263685703277588, 0.5834146738052368, 0.8935405015945435, 1.5646353960037231], "public_input": [0.06931126117706299, 0.06931126117706299, 0.06931126117706299, 0.06931126117706299, 0.06931126117706299, 0.06931126117706299, 0.25014734268188477, 1.8911845684051514, 0.0, 0.06931126117706299, 0.06931126117706299, 2.214933395385742, 0.0, 0.0, 0.06931126117706299, 0.06931126117706299, 0.0, 0.0, 0.0, 0.06931126117706299, 0.06931126117706299, 0.06931126117706299, 0.06931126117706299, 0.06931126117706299, 0.06931126117706299, 0.0, 0.0, 0.0, 0.0, 0.0, 0.0, 0.999325156211853, 1.7321733236312866, 1.6136181354522705, 0.0, 0.0, 0.6935291290283203, 4.613386631011963, 4.13076114654541, 0.0, 0.0, 0.0, 1.4733116626739502, 2.1999974250793457, 0.0, 0.0, 0.0, 0.0, 0.0, 0.0, 0.0, 0.0, 0.0, 0.0, 0.0, 0.0, 1.9760631322860718, 1.788680076599121, 0.0, 0.0, 0.0, 1.502356767654419, 3.6082544326782227, 0.0, 0.0, 0.0, 2.4992823600769043, 1.8953191041946411, 0.0, 0.0, 0.0, 0.0, 0.0, 0.0, 0.0]}