{
    "input_shapes": [
        [
            3
        ]
    ],
    "input_data": [
        [
            3.394426107406616,
            1.1624923944473267,
            -0.5661267638206482
        ]
    ],
    "public_inputs": [
        [
            3.394426107406616,
            1.1624923944473267,
            0.0
        ]
    ]
}