{"input_shape": [3, 8, 8], "input_data": [1.0, 1.0, 1.0, 1.0, 1.0, 1.0, 1.0, 1.0, 1.0, 1.0, 1.0, 1.0, 1.0, 1.0, 1.0, 1.0, 1.0, 1.0, 1.0, 1.0, 1.0, 1.0, 1.0, 1.0, 1.0, 1.0, 1.0, 1.0, 1.0, 1.0, 1.0, 1.0, 1.0, 1.0, 1.0, 1.0, 1.0, 1.0, 1.0, 1.0, 1.0, 1.0, 1.0, 1.0, 1.0, 1.0, 1.0, 1.0, 1.0, 1.0, 1.0, 1.0, 1.0, 1.0, 1.0, 1.0, 1.0, 1.0, 1.0, 1.0, 1.0, 1.0, 1.0, 1.0, 1.0, 1.0, 1.0, 1.0, 1.0, 1.0, 1.0, 1.0, 1.0, 1.0, 1.0, 1.0, 1.0, 1.0, 1.0, 1.0, 1.0, 1.0, 1.0, 1.0, 1.0, 1.0, 1.0, 1.0, 1.0, 1.0, 1.0, 1.0, 1.0, 1.0, 1.0, 1.0, 1.0, 1.0, 1.0, 1.0, 1.0, 1.0, 1.0, 1.0, 1.0, 1.0, 1.0, 1.0, 1.0, 1.0, 1.0, 1.0, 1.0, 1.0, 1.0, 1.0, 1.0, 1.0, 1.0, 1.0, 1.0, 1.0, 1.0, 1.0, 1.0, 1.0, 1.0, 1.0, 1.0, 1.0, 1.0, 1.0, 1.0, 1.0, 1.0, 1.0, 1.0, 1.0, 1.0, 1.0, 1.0, 1.0, 1.0, 1.0, 1.0, 1.0, 1.0, 1.0, 1.0, 1.0, 1.0, 1.0, 1.0, 1.0, 1.0, 1.0, 1.0, 1.0, 1.0, 1.0, 1.0, 1.0, 1.0, 1.0, 1.0, 1.0, 1.0, 1.0, 1.0, 1.0, 1.0, 1.0, 1.0, 1.0, 1.0, 1.0, 1.0, 1.0, 1.0, 1.0, 1.0, 1.0, 1.0, 1.0, 1.0, 1.0, 1.0, 1.0, 1.0, 1.0, 1.0, 1.0], "public_input": [0.7310585975646973, 0.7310585975646973, 0.7310585975646973, 0.7310585975646973, 0.7310585975646973, 0.7310585975646973, 0.7310585975646973, 0.7310585975646973, 0.7310585975646973, 0.7310585975646973, 0.7310585975646973, 0.7310585975646973, 0.7310585975646973, 0.7310585975646973, 0.7310585975646973, 0.7310585975646973, 0.7310585975646973, 0.7310585975646973, 0.7310585975646973, 0.7310585975646973, 0.7310585975646973, 0.7310585975646973, 0.7310585975646973, 0.7310585975646973, 0.7310585975646973, 0.7310585975646973, 0.7310585975646973, 0.7310585975646973, 0.7310585975646973, 0.7310585975646973, 0.7310585975646973, 0.7310585975646973, 0.7310585975646973, 0.7310585975646973, 0.7310585975646973, 0.7310585975646973, 0.7310585975646973, 0.7310585975646973, 0.7310585975646973, 0.7310585975646973, 0.7310585975646973, 0.7310585975646973, 0.7310585975646973, 0.7310585975646973, 0.7310585975646973, 0.7310585975646973, 0.7310585975646973, 0.7310585975646973, 0.7310585975646973, 0.7310585975646973, 0.7310585975646973, 0.7310585975646973, 0.7310585975646973, 0.7310585975646973, 0.7310585975646973, 0.7310585975646973, 0.7310585975646973, 0.7310585975646973, 0.7310585975646973, 0.7310585975646973, 0.7310585975646973, 0.7310585975646973, 0.7310585975646973, 0.7310585975646973, 0.7310585975646973, 0.7310585975646973, 0.7310585975646973, 0.7310585975646973, 0.7310585975646973, 0.7310585975646973, 0.7310585975646973, 0.7310585975646973, 0.7310585975646973, 0.7310585975646973, 0.7310585975646973, 0.7310585975646973, 0.7310585975646973, 0.7310585975646973, 0.7310585975646973, 0.7310585975646973, 0.7310585975646973, 0.7310585975646973, 0.7310585975646973, 0.7310585975646973, 0.7310585975646973, 0.7310585975646973, 0.7310585975646973, 0.7310585975646973, 0.7310585975646973, 0.7310585975646973, 0.7310585975646973, 0.7310585975646973, 0.7310585975646973, 0.7310585975646973, 0.7310585975646973, 0.7310585975646973, 0.7310585975646973, 0.7310585975646973, 0.7310585975646973, 0.7310585975646973, 0.7310585975646973, 0.7310585975646973, 0.7310585975646973, 0.7310585975646973, 0.7310585975646973, 0.7310585975646973, 0.7310585975646973, 0.7310585975646973, 0.7310585975646973, 0.7310585975646973, 0.7310585975646973, 0.7310585975646973, 0.7310585975646973, 0.7310585975646973, 0.7310585975646973, 0.7310585975646973, 0.7310585975646973, 0.7310585975646973, 0.7310585975646973, 0.7310585975646973, 0.7310585975646973, 0.7310585975646973, 0.7310585975646973, 0.7310585975646973, 0.7310585975646973, 0.7310585975646973, 0.7310585975646973, 0.7310585975646973, 0.7310585975646973, 0.7310585975646973, 0.7310585975646973, 0.7310585975646973, 0.7310585975646973, 0.7310585975646973, 0.7310585975646973, 0.7310585975646973, 0.7310585975646973, 0.7310585975646973, 0.7310585975646973, 0.7310585975646973, 0.7310585975646973, 0.7310585975646973, 0.7310585975646973, 0.7310585975646973, 0.7310585975646973, 0.7310585975646973, 0.7310585975646973, 0.7310585975646973, 0.7310585975646973, 0.7310585975646973, 0.7310585975646973, 0.7310585975646973, 0.7310585975646973, 0.7310585975646973, 0.7310585975646973, 0.7310585975646973, 0.7310585975646973, 0.7310585975646973, 0.7310585975646973, 0.7310585975646973, 0.7310585975646973, 0.7310585975646973, 0.7310585975646973, 0.7310585975646973, 0.7310585975646973, 0.7310585975646973, 0.7310585975646973, 0.7310585975646973, 0.7310585975646973, 0.7310585975646973, 0.7310585975646973, 0.7310585975646973, 0.7310585975646973, 0.7310585975646973, 0.7310585975646973, 0.7310585975646973, 0.7310585975646973, 0.7310585975646973, 0.7310585975646973, 0.7310585975646973, 0.7310585975646973, 0.7310585975646973, 0.7310585975646973, 0.7310585975646973, 0.7310585975646973, 0.7310585975646973, 0.7310585975646973, 0.7310585975646973, 0.7310585975646973, 0.7310585975646973, 0.7310585975646973, 0.7310585975646973]}