{
    "input_shapes": [
        [
            3,
            2
        ]
    ],
    "input_data": [
        [
            0.9399577379226685,
            -0.1435815989971161,
            -1.6204580068588257,
            0.8732473850250244,
            -0.12983344495296478,
            -0.1989465206861496
        ]
    ],
    "public_inputs": [
        [
            0.9399577379226685,
            -0.1435815989971161,
            -1.6204580068588257,
            0.8732473850250244,
            -0.12983344495296478,
            -0.1989465206861496
        ]
    ],
    "tolerances": [
        0
    ]
}