{"input_data":[[0.7970018,0.14464009,0.4023286]],"input_shapes":[[3]],"output_data":[[0.734375,0.1640625,0.421875]]}