{"input_data":{"File":[[0.7970017790794373,0.14464008808135986,0.40232861042022705]]},"output_data":{"File":[[0.734375,0.1640625,0.421875]]}}