{"input_data":{"File":[[-0.3827013373374939,1.3510069847106934,-0.08920183777809143]]},"output_data":{"File":[[0.5,0.7942942380905151,0.5]]}}