{"input_shapes": [[3]], "input_data": [0.49653977155685425, 0.12763869762420654, 0.3796328902244568], "output_data": [0.6216458082199097, 0.5318664312362671, 0.5937845706939697]}