{"input_data":[[0.06625451,0.022532081,0.025727034,0.062369008,0.093028985,0.01173302]],"output_data":[[0.0625,0.0234375,0.0234375,0.0625,0.09375,0.015625]]}