{"input_shapes": [[3, 2]], "input_data": [[0.5022192001342773, 0.34504348039627075], [0.6273703575134277, 0.2800534963607788], [0.20191311836242676, 0.8768870234489441]], "output_data": [0.5022192001342773, 0.34504348039627075, 0.6273703575134277, 0.2800534963607788, 0.20191311836242676, 0.8768870234489441]}