{
    "input_data": [
        [
            0.036591339856386185,
            0.0939951166510582,
            0.05068564414978027,
            0.01790904439985752,
            0.017262710258364677,
            0.03543904051184654
        ]
    ],
    "output_data": [
        [
            0.036591339856386185,
            0.0939951166510582,
            0.05068564414978027,
            0.01790904439985752,
            0.017262710258364677,
            0.03543904051184654
        ]
    ]
}