{"input_data":{"File":[[0.06625451147556305,0.022532081231474876,0.025727033615112305,0.062369007617235184,0.09302898496389389,0.011733019724488258]]},"output_data":{"File":[[0.0625,0.0234375,0.0234375,0.0625,0.09375,0.015625]]}}