{"input_data":[[0.08733231,0.012075043,0.05686983,0.07371966,0.026177138,0.0040032924]],"input_shapes":[[3,2]],"output_data":[[0.0859375,0.015625,0.0546875,0.0703125,0.0234375,0.0078125]]}