{"input_data":{"File":[[0.045329369604587555,0.03493797406554222,0.0749039351940155,0.01937595009803772,0.07359203696250916,0.08935963362455368,0.09410769492387772,0.08736997097730637,0.02605617605149746,0.017538059502840042,0.012031912803649902,0.01760546676814556]]},"output_data":{"File":[[0.015625]]}}