{
    "input_data": [
        [
            0.04532937,
            0.034937974,
            0.074903935,
            0.01937595,
            0.07359204,
            0.08935963,
            0.094107695,
            0.08736997,
            0.026056176,
            0.01753806,
            0.012031913,
            0.017605467
        ]
    ],
    "input_shapes": [
        [
            1,
            3,
            2,
            2
        ]
    ],
    "output_data": [
        [
            0.012031913
        ]
    ]
}