{
    "input_data": [
        [
            0.01482481975108385,
            0.05443108081817627,
            0.03730630874633789,
            0.02311590313911438,
            0.0749712809920311,
            0.004107379820197821,
            0.09854734688997269,
            0.059501972049474716,
            0.06121724843978882,
            0.003808444831520319,
            0.009738439694046974,
            0.05193623900413513
        ]
    ],
    "output_data": [
        [
            0.003808444831520319
        ]
    ]
}