{
    "input_data": [
        [
            0.002731233835220337,
            0.025897813960909843,
            0.031858813017606735
        ]
    ],
    "output_data": [
        [
            0.05226120725274086,
            0.16092798113822937,
            0.17849037051200867
        ]
    ]
}