{"input_data":{"File":[[0.041604846715927124,0.007312274072319269,0.09567774087190628]]},"output_data":{"File":[[0.1953125,0.0859375,0.3046875]]}}