{
    "input_data": [
        [
            0.041604847,
            0.007312274,
            0.09567774
        ]
    ],
    "input_shapes": [
        [
            3
        ]
    ],
    "output_data": [
        [
            0.20703125,
            0.08984375,
            0.3046875
        ]
    ]
}