{"input_shapes": [[3]], "input_data": [0.5498018860816956, 0.710380494594574, 0.08690190315246582], "output_data": [0.7414862513542175, 0.8428407311439514, 0.2947912812232971]}