{"input_shapes": [[4]], "input_data": [[0.9813985824584961, 0.793540358543396, 0.548916757106781, 0.6483156681060791]], "output_data": [[0], [1.0, 0.0, 0.0]]}