{"input_shapes": [[4]], "input_data": [[0.6612799167633057, 0.7653623819351196, 0.24554693698883057, 0.6972519159317017]], "output_data": [[0], [1.0, 0.0, 0.0]]}