{
  "input_data": [
    [
      1.514470100402832, 1.519423007965088, 1.5182757377624512,
      1.5262789726257324, 1.5298409461975098
    ]
  ],
  "output_data": [[-0.1862019]]
}
