{"input_data":[[0.049622517,0.09307936,0.07327823,0.03837678,0.04325245,0.06161573,0.07465642,0.00059551,0.058175515]],"input_shapes":[[3,3]],"output_data":[[0.0]]}