{"input_data":{"File":[[0.048659663647413254,0.040321845561265945,0.0927513837814331,0.05818094685673714,0.01998382806777954,0.09669246524572372,0.07317093759775162,0.060643669217824936,0.052526842802762985]]},"output_data":{"File":[[0.00010251998901367188,0.0002665519714355469,0.0003485679626464844]]}}