{
    "input_data": [
        [
            0.048659664,
            0.040321846,
            0.092751384,
            0.058180947,
            0.019983828,
            0.096692465,
            0.07317094,
            0.06064367,
            0.052526843
        ]
    ],
    "output_data": [
        [
            0.0001018,
            0.00025,
            0.00036
        ]
    ]
}