{
    "input_data": [
        [
            0.06134411692619324,
            0.0855083167552948,
            0.03528677299618721,
            0.08762633055448532,
            0.004315233323723078,
            0.04907028749585152,
            0.06364135444164276,
            0.06527218967676163,
            0.015074873343110085
        ]
    ],
    "output_data": [
        [
            0.00014125679444987327,
            0.0011908409651368856,
            0.00019491047714836895
        ]
    ]
}