{
    "input_data": [
        [
            0.48659664,
            0.40321846,
            0.92751384,
            0.58180947,
            0.19983828,
            0.96692465,
            0.7317094,
            0.6064367,
            0.52526843
        ]
    ],
    "output_data": [
        [
            0.0106201171875,
            0.02752685546875,
            0.04052734375
        ]
    ]
}