{
    "input_data": [
        [
            0.05369061,
            0.053044915,
            0.04497401,
            0.05943901,
            0.09750504,
            0.056985468,
            0.08049235,
            0.064583704,
            0.07241523
        ]
    ],
    "input_shapes": [
        [
            1,
            3,
            3
        ]
    ],
    "output_data": [
        [
            0.00018494483
        ]
    ]
}