{
    "input_shapes": [
        [
            70
        ]
    ],
    "input_data": [
        [
            0.0009699188417787132,
            0.00019244591050917632,
            0.054146805183049464,
            0.29096058311291,
            0.03587938463283909,
            0.3682567313169393,
            0.0009699188417787132,
            0.11723952072797339,
            0.040722232855583886,
            0.03751942528780615,
            0.0009699188417787132,
            0.4572741590429974,
            0.3682567313169393,
            0.11723952072797339,
            0.00033116992783101425,
            0.0004727030188161457,
            0.16953610694255877,
            0.32454275201352284,
            0.007702204013186912,
            0.3654331978318686,
            0.0003311699278310143,
            0.2799907462605101,
            0.25860467835456424,
            0.006566032789463409,
            0.00033116992783101425,
            0.4677760600707529,
            0.3654331978318686,
            0.27999074626051007,
            1.4949423756339269e-05,
            0.0006663853598673449,
            0.0254510599473567,
            0.5040438334785962,
            0.013270077391630015,
            0.8294793494802233,
            1.535077605147677e-05,
            0.6140952123939725,
            0.0053588833048741746,
            0.005004970047089959,
            1.4949423756339269e-05,
            0.6720239066144928,
            0.8294793494802233,
            0.6140952123939726,
            5.276720700519861e-06,
            0.0007879632340604358,
            0.008009306016514024,
            0.4063299556176182,
            0.005737421220698877,
            0.8757001337896391,
            5.6758479159116355e-06,
            0.4018586365931063,
            0.0037417135224521777,
            0.0025051583322501575,
            5.276720700519861e-06,
            0.5724584836129148,
            0.8764422519161101,
            0.4018586365931063,
            2.2547938165910473e-06,
            0.0007297186842779432,
            0.011175997441529998,
            0.47996565121744156,
            0.007650175489152499,
            0.6138037000772609,
            2.6280527614896722e-06,
            0.41352518650111475,
            0.008393903960876817,
            0.004441364381856987,
            2.2547938165910473e-06,
            0.4803601156973222,
            0.6138037000772609,
            0.41352518650111475
        ]
    ],
    "output_data": [
        [
            2.3148620868239598e-33
        ]
    ]
}