{"input_shapes": [[4]], "input_data": [[0.9755924940109253, 0.7234396934509277, 0.9663903713226318, 0.7608889937400818]], "output_data": [[0]]}