{"input_shapes": [[4]], "input_data": [[0.3032357096672058, 0.10561621189117432, 0.4714401364326477, 0.6948500871658325]], "output_data": [[0]]}