{
    "input_data": [
        [
            0.06966977566480637,
            0.023070991039276123,
            0.06729339063167572,
            0.014635629020631313,
            0.07324620336294174,
            0.05331410840153694,
            0.07877611368894577,
            0.031315721571445465,
            0.09269056469202042,
            0.09605617821216583,
            0.07253020256757736,
            0.09780564904212952,
            0.052169617265462875,
            0.0284391101449728,
            0.05738091468811035,
            0.08022372424602509,
            0.08763253688812256,
            0.019981032237410545,
            0.0712805762887001,
            0.0021778345108032227,
            0.02932104468345642,
            0.03683939203619957,
            0.011121195740997791,
            0.06013674661517143,
            0.010180467739701271,
            0.03545011207461357,
            0.08961012959480286,
            0.06058952957391739,
            0.07518481463193893,
            0.08458966761827469,
            0.09815549105405807,
            0.016485964879393578,
            0.058511920273303986,
            0.08558338135480881,
            0.06111179664731026,
            0.04051981121301651,
            0.03797860071063042,
            0.0016553581226617098,
            0.06186196953058243,
            0.06809766590595245,
            0.07248611003160477,
            0.07461929321289062,
            0.0775265321135521,
            0.020321762189269066,
            0.0051727294921875,
            0.07255127280950546,
            0.03956930711865425,
            0.08697623759508133,
            0.07925233244895935,
            0.09483551234006882,
            0.014368772506713867,
            0.022750651463866234,
            0.07830572128295898,
            0.0770992860198021,
            0.046367015689611435,
            0.0041310787200927734,
            0.06417887657880783,
            0.008885705843567848,
            0.001069659017957747,
            0.08504324406385422,
            0.0859600231051445,
            0.019761962816119194,
            0.05336574837565422,
            0.08913057297468185,
            0.0833829790353775,
            0.05935148522257805,
            0.03819655254483223,
            0.06847066432237625,
            0.02300081215798855,
            0.08324415236711502,
            0.09877806901931763,
            0.041831959038972855
        ]
    ],
    "output_data": [
        [
            0.06966977566480637,
            0.023070991039276123,
            0.06729339063167572,
            0.014635629020631313,
            0.07324620336294174,
            0.05331410840153694,
            0.07877611368894577,
            0.031315721571445465,
            0.09269056469202042,
            0.09605617821216583,
            0.07253020256757736,
            0.09780564904212952,
            0.052169617265462875,
            0.0284391101449728,
            0.05738091468811035,
            0.08022372424602509,
            0.08763253688812256,
            0.019981032237410545,
            0.0712805762887001,
            0.0021778345108032227,
            0.02932104468345642,
            0.03683939203619957,
            0.011121195740997791,
            0.06013674661517143,
            0.06966977566480637,
            0.023070991039276123,
            0.06729339063167572,
            0.014635629020631313,
            0.07324620336294174,
            0.05331410840153694,
            0.07877611368894577,
            0.031315721571445465,
            0.09269056469202042,
            0.09605617821216583,
            0.07253020256757736,
            0.09780564904212952,
            0.052169617265462875,
            0.0284391101449728,
            0.05738091468811035,
            0.08022372424602509,
            0.08763253688812256,
            0.019981032237410545,
            0.0712805762887001,
            0.0021778345108032227,
            0.02932104468345642,
            0.03683939203619957,
            0.011121195740997791,
            0.06013674661517143,
            0.010180467739701271,
            0.03545011207461357,
            0.08961012959480286,
            0.06058952957391739,
            0.07518481463193893,
            0.08458966761827469,
            0.09815549105405807,
            0.016485964879393578,
            0.058511920273303986,
            0.08558338135480881,
            0.06111179664731026,
            0.04051981121301651,
            0.03797860071063042,
            0.0016553581226617098,
            0.06186196953058243,
            0.06809766590595245,
            0.07248611003160477,
            0.07461929321289062,
            0.0775265321135521,
            0.020321762189269066,
            0.0051727294921875,
            0.07255127280950546,
            0.03956930711865425,
            0.08697623759508133,
            0.010180467739701271,
            0.03545011207461357,
            0.08961012959480286,
            0.06058952957391739,
            0.07518481463193893,
            0.08458966761827469,
            0.09815549105405807,
            0.016485964879393578,
            0.058511920273303986,
            0.08558338135480881,
            0.06111179664731026,
            0.04051981121301651,
            0.03797860071063042,
            0.0016553581226617098,
            0.06186196953058243,
            0.06809766590595245,
            0.07248611003160477,
            0.07461929321289062,
            0.0775265321135521,
            0.020321762189269066,
            0.0051727294921875,
            0.07255127280950546,
            0.03956930711865425,
            0.08697623759508133,
            0.07925233244895935,
            0.09483551234006882,
            0.014368772506713867,
            0.022750651463866234,
            0.07830572128295898,
            0.0770992860198021,
            0.046367015689611435,
            0.0041310787200927734,
            0.06417887657880783,
            0.008885705843567848,
            0.001069659017957747,
            0.08504324406385422,
            0.0859600231051445,
            0.019761962816119194,
            0.05336574837565422,
            0.08913057297468185,
            0.0833829790353775,
            0.05935148522257805,
            0.03819655254483223,
            0.06847066432237625,
            0.02300081215798855,
            0.08324415236711502,
            0.09877806901931763,
            0.041831959038972855,
            0.07925233244895935,
            0.09483551234006882,
            0.014368772506713867,
            0.022750651463866234,
            0.07830572128295898,
            0.0770992860198021,
            0.046367015689611435,
            0.0041310787200927734,
            0.06417887657880783,
            0.008885705843567848,
            0.001069659017957747,
            0.08504324406385422,
            0.0859600231051445,
            0.019761962816119194,
            0.05336574837565422,
            0.08913057297468185,
            0.0833829790353775,
            0.05935148522257805,
            0.03819655254483223,
            0.06847066432237625,
            0.02300081215798855,
            0.08324415236711502,
            0.09877806901931763,
            0.041831959038972855
        ]
    ]
}