{"input_data":{"File":[[0.09284288436174393,0.06601958721876144,0.021909505128860474,0.012687361799180508,0.0673612579703331,0.07365880906581879,0.002207124372944236,0.016026539728045464,0.03773624449968338,0.045148756355047226,0.030523722991347313,0.09945011883974075,0.0630333200097084,0.09371954947710037,0.05603928118944168,0.024226045235991478,0.037527281790971756,0.010000908747315407,0.01650623045861721,0.061451345682144165,0.05814440920948982,0.09902788698673248,0.016316264867782593,0.0736100897192955,0.002811485668644309,0.01103485282510519,0.053809620440006256,0.08825995773077011,0.02875816822052002,0.07015202194452286,0.09806313365697861,0.008425223641097546,0.08208846300840378,0.04077637940645218,0.076383076608181,0.021610189229249954,0.059074293822050095,0.03206330165266991,0.058746982365846634,0.001423692679964006,0.05191723629832268,0.04629605636000633,0.04375404864549637,0.0995345413684845,0.004599648993462324,0.00036831499892286956,0.029154378920793533,0.011419159360229969,0.04006944224238396,0.0793091282248497,0.04224735125899315,0.07890599220991135,0.057275570929050446,0.05294729024171829,0.06911750137805939,0.03718243166804314,0.03407105430960655,0.028702009469270706,0.05306301638484001,0.06669794023036957,0.08810644596815109,0.004823416471481323,0.08098236471414566,0.08512889593839645,0.029311085119843483,0.013146663084626198,0.005939412396401167,0.04466889053583145,0.05055255442857742,0.029653484001755714,0.07499172538518906,0.07216864079236984]]},"output_data":{"File":[[0.09375,0.0625,0.0234375,0.015625,0.0703125,0.0703125,0.0,0.015625,0.0390625,0.046875,0.03125,0.1015625,0.0625,0.09375,0.0546875,0.0234375,0.0390625,0.0078125,0.015625,0.0625,0.0546875,0.1015625,0.015625,0.0703125,0.09375,0.0625,0.0234375,0.015625,0.0703125,0.0703125,0.0,0.015625,0.0390625,0.046875,0.03125,0.1015625,0.0625,0.09375,0.0546875,0.0234375,0.0390625,0.0078125,0.015625,0.0625,0.0546875,0.1015625,0.015625,0.0703125,0.0,0.0078125,0.0546875,0.0859375,0.03125,0.0703125,0.1015625,0.0078125,0.0859375,0.0390625,0.078125,0.0234375,0.0625,0.03125,0.0625,0.0,0.0546875,0.046875,0.046875,0.1015625,0.0078125,0.0,0.03125,0.0078125,0.0,0.0078125,0.0546875,0.0859375,0.03125,0.0703125,0.1015625,0.0078125,0.0859375,0.0390625,0.078125,0.0234375,0.0625,0.03125,0.0625,0.0,0.0546875,0.046875,0.046875,0.1015625,0.0078125,0.0,0.03125,0.0078125,0.0390625,0.078125,0.0390625,0.078125,0.0546875,0.0546875,0.0703125,0.0390625,0.03125,0.03125,0.0546875,0.0703125,0.0859375,0.0078125,0.078125,0.0859375,0.03125,0.015625,0.0078125,0.046875,0.046875,0.03125,0.078125,0.0703125,0.0390625,0.078125,0.0390625,0.078125,0.0546875,0.0546875,0.0703125,0.0390625,0.03125,0.03125,0.0546875,0.0703125,0.0859375,0.0078125,0.078125,0.0859375,0.03125,0.015625,0.0078125,0.046875,0.046875,0.03125,0.078125,0.0703125]]}}