{
    "input_data": [
        [
            0.092842884,
            0.06601959,
            0.021909505,
            0.012687362,
            0.06736126,
            0.07365881,
            0.0022071244,
            0.01602654,
            0.037736244,
            0.045148756,
            0.030523723,
            0.09945012,
            0.06303332,
            0.09371955,
            0.05603928,
            0.024226045,
            0.03752728,
            0.010000909,
            0.01650623,
            0.061451346,
            0.05814441,
            0.09902789,
            0.016316265,
            0.07361009,
            0.0028114857,
            0.011034853,
            0.05380962,
            0.08825996,
            0.028758168,
            0.07015202,
            0.09806313,
            0.008425224,
            0.08208846,
            0.04077638,
            0.07638308,
            0.02161019,
            0.059074294,
            0.0320633,
            0.058746982,
            0.0014236927,
            0.051917236,
            0.046296056,
            0.04375405,
            0.09953454,
            0.004599649,
            0.000368315,
            0.029154379,
            0.011419159,
            0.040069442,
            0.07930913,
            0.04224735,
            0.07890599,
            0.05727557,
            0.05294729,
            0.0691175,
            0.03718243,
            0.034071054,
            0.02870201,
            0.053063016,
            0.06669794,
            0.088106446,
            0.0048234165,
            0.080982365,
            0.085128896,
            0.029311085,
            0.013146663,
            0.0059394124,
            0.04466889,
            0.050552554,
            0.029653484,
            0.074991725,
            0.07216864
        ]
    ],
    "input_shapes": [
        [
            1,
            3,
            2,
            3,
            2,
            2
        ]
    ],
    "output_data": [
        [
            0.09375,
            0.0625,
            0.0234375,
            0.015625,
            0.0703125,
            0.0703125,
            0.0,
            0.015625,
            0.0390625,
            0.046875,
            0.03125,
            0.1015625,
            0.0625,
            0.09375,
            0.0546875,
            0.0234375,
            0.0390625,
            0.0078125,
            0.015625,
            0.0625,
            0.0546875,
            0.1015625,
            0.015625,
            0.0703125,
            0.09375,
            0.0625,
            0.0234375,
            0.015625,
            0.0703125,
            0.0703125,
            0.0,
            0.015625,
            0.0390625,
            0.046875,
            0.03125,
            0.1015625,
            0.0625,
            0.09375,
            0.0546875,
            0.0234375,
            0.0390625,
            0.0078125,
            0.015625,
            0.0625,
            0.0546875,
            0.1015625,
            0.015625,
            0.0703125,
            0.0,
            0.0078125,
            0.0546875,
            0.0859375,
            0.03125,
            0.0703125,
            0.1015625,
            0.0078125,
            0.0859375,
            0.0390625,
            0.078125,
            0.0234375,
            0.0625,
            0.03125,
            0.0625,
            0.0,
            0.0546875,
            0.046875,
            0.046875,
            0.1015625,
            0.0078125,
            0.0,
            0.03125,
            0.0078125,
            0.0,
            0.0078125,
            0.0546875,
            0.0859375,
            0.03125,
            0.0703125,
            0.1015625,
            0.0078125,
            0.0859375,
            0.0390625,
            0.078125,
            0.0234375,
            0.0625,
            0.03125,
            0.0625,
            0.0,
            0.0546875,
            0.046875,
            0.046875,
            0.1015625,
            0.0078125,
            0.0,
            0.03125,
            0.0078125,
            0.0390625,
            0.078125,
            0.0390625,
            0.078125,
            0.0546875,
            0.0546875,
            0.0703125,
            0.0390625,
            0.03125,
            0.03125,
            0.0546875,
            0.0703125,
            0.0859375,
            0.0078125,
            0.078125,
            0.0859375,
            0.03125,
            0.015625,
            0.0078125,
            0.046875,
            0.046875,
            0.03125,
            0.078125,
            0.0703125,
            0.0390625,
            0.078125,
            0.0390625,
            0.078125,
            0.0546875,
            0.0546875,
            0.0703125,
            0.0390625,
            0.03125,
            0.03125,
            0.0546875,
            0.0703125,
            0.0859375,
            0.0078125,
            0.078125,
            0.0859375,
            0.03125,
            0.015625,
            0.0078125,
            0.046875,
            0.046875,
            0.03125,
            0.078125,
            0.0703125
        ]
    ]
}