{"input_data":{"File":[[0.041593462228775024,0.04403812810778618,0.07208346575498581,0.07504390180110931,0.04241727665066719,0.027525996789336205,0.013047981075942516,0.02947343699634075,0.00614740839228034,0.04032803699374199,0.07506608217954636,0.09715376049280167,0.09901415556669235,0.045375335961580276,0.07256492972373962,0.0643707737326622,0.07344281673431396,0.09915409982204437,0.08649467676877975,0.02862953580915928,0.0733194351196289,0.026993203908205032,0.09380600601434708,0.08120667189359665,0.06241024285554886,0.05672185495495796,0.005428606178611517,0.0983237475156784,0.026688367128372192,0.05777004361152649,0.07560455799102783,0.007089364808052778,0.005744033958762884,0.06496675312519073,0.06652640551328659,0.07371068000793457,0.08341115713119507,0.050598692148923874,0.039647430181503296,0.09733876585960388,0.068814218044281,0.09963565319776535,0.0037123679649084806,0.05262916162610054,0.08595680445432663,0.03176749870181084,0.08690186589956284,0.08518465608358383,0.002561080502346158,0.008609974756836891,0.05345842242240906,0.04731863737106323,0.07616020739078522,0.08323296904563904,0.042350806295871735,0.03331436589360237,0.04899004101753235,0.07216187566518784,0.008311915211379528,0.0010026156669482589,0.0949188694357872,0.0516296923160553,0.03161802887916565,0.07082174718379974,0.05622259899973869,0.053156860172748566,0.044029947370290756,0.04907527193427086,0.05304824933409691,0.09624677896499634,0.06177547201514244,0.023720866069197655,0.0699886828660965,0.03169327974319458,0.08734748512506485]]},"output_data":{"File":[[0.0390625,0.0390625,0.046875,0.046875,0.0703125,0.0703125,0.078125,0.078125,0.0390625,0.0390625,0.0390625,0.0390625,0.046875,0.046875,0.0703125,0.0703125,0.078125,0.078125,0.0390625,0.0390625,0.03125,0.03125,0.015625,0.015625,0.03125,0.03125,0.0078125,0.0078125,0.0390625,0.0390625,0.03125,0.03125,0.015625,0.015625,0.03125,0.03125,0.0078125,0.0078125,0.0390625,0.0390625,0.078125,0.078125,0.09375,0.09375,0.1015625,0.1015625,0.046875,0.046875,0.0703125,0.0703125,0.078125,0.078125,0.09375,0.09375,0.1015625,0.1015625,0.046875,0.046875,0.0703125,0.0703125,0.0625,0.0625,0.0703125,0.0703125,0.1015625,0.1015625,0.0859375,0.0859375,0.03125,0.03125,0.0625,0.0625,0.0703125,0.0703125,0.1015625,0.1015625,0.0859375,0.0859375,0.03125,0.03125,0.0703125,0.0703125,0.0234375,0.0234375,0.09375,0.09375,0.078125,0.078125,0.0625,0.0625,0.0703125,0.0703125,0.0234375,0.0234375,0.09375,0.09375,0.078125,0.078125,0.0625,0.0625,0.0546875,0.0546875,0.0078125,0.0078125,0.1015625,0.1015625,0.0234375,0.0234375,0.0546875,0.0546875,0.0546875,0.0546875,0.0078125,0.0078125,0.1015625,0.1015625,0.0234375,0.0234375,0.0546875,0.0546875,0.078125,0.078125,0.0078125,0.0078125,0.0078125,0.0078125,0.0625,0.0625,0.0703125,0.0703125,0.078125,0.078125,0.0078125,0.0078125,0.0078125,0.0078125,0.0625,0.0625,0.0703125,0.0703125,0.0703125,0.0703125,0.0859375,0.0859375,0.046875,0.046875,0.0390625,0.0390625,0.09375,0.09375,0.0703125,0.0703125,0.0859375,0.0859375,0.046875,0.046875,0.0390625,0.0390625,0.09375,0.09375,0.0703125,0.0703125,0.1015625,0.1015625,0.0,0.0,0.0546875,0.0546875,0.0859375,0.0859375,0.0703125,0.0703125,0.1015625,0.1015625,0.0,0.0,0.0546875,0.0546875,0.0859375,0.0859375,0.03125,0.03125,0.0859375,0.0859375,0.0859375,0.0859375,0.0,0.0,0.0078125,0.0078125,0.03125,0.03125,0.0859375,0.0859375,0.0859375,0.0859375,0.0,0.0,0.0078125,0.0078125,0.0546875,0.0546875,0.046875,0.046875,0.078125,0.078125,0.0859375,0.0859375,0.0390625,0.0390625,0.0546875,0.0546875,0.046875,0.046875,0.078125,0.078125,0.0859375,0.0859375,0.0390625,0.0390625,0.03125,0.03125,0.046875,0.046875,0.0703125,0.0703125,0.0078125,0.0078125,0.0,0.0,0.03125,0.03125,0.046875,0.046875,0.0703125,0.0703125,0.0078125,0.0078125,0.0,0.0,0.09375,0.09375,0.0546875,0.0546875,0.03125,0.03125,0.0703125,0.0703125,0.0546875,0.0546875,0.09375,0.09375,0.0546875,0.0546875,0.03125,0.03125,0.0703125,0.0703125,0.0546875,0.0546875,0.0546875,0.0546875,0.046875,0.046875,0.046875,0.046875,0.0546875,0.0546875,0.09375,0.09375,0.0546875,0.0546875,0.046875,0.046875,0.046875,0.046875,0.0546875,0.0546875,0.09375,0.09375,0.0625,0.0625,0.0234375,0.0234375,0.0703125,0.0703125,0.03125,0.03125,0.0859375,0.0859375,0.0625,0.0625,0.0234375,0.0234375,0.0703125,0.0703125,0.03125,0.03125,0.0859375,0.0859375]]}}