{"input_data":[[0.041593462,0.044038128,0.072083466,0.0750439,0.042417277,0.027525997,0.013047981,0.029473437,0.0061474084,0.040328037,0.07506608,0.09715376,0.099014156,0.045375336,0.07256493,0.064370774,0.07344282,0.0991541,0.08649468,0.028629536,0.073319435,0.026993204,0.093806006,0.08120667,0.062410243,0.056721855,0.005428606,0.09832375,0.026688367,0.057770044,0.07560456,0.007089365,0.005744034,0.06496675,0.066526406,0.07371068,0.08341116,0.050598692,0.03964743,0.097338766,0.06881422,0.09963565,0.003712368,0.05262916,0.085956804,0.0317675,0.086901866,0.085184656,0.0025610805,0.008609975,0.053458422,0.047318637,0.07616021,0.08323297,0.042350806,0.033314366,0.04899004,0.072161876,0.008311915,0.0010026157,0.09491887,0.051629692,0.03161803,0.07082175,0.0562226,0.05315686,0.044029947,0.049075272,0.05304825,0.09624678,0.061775472,0.023720866,0.06998868,0.03169328,0.087347485]],"output_data":[[0.0390625,0.0390625,0.046875,0.046875,0.0703125,0.0703125,0.078125,0.078125,0.0390625,0.0390625,0.0390625,0.0390625,0.046875,0.046875,0.0703125,0.0703125,0.078125,0.078125,0.0390625,0.0390625,0.03125,0.03125,0.015625,0.015625,0.03125,0.03125,0.0078125,0.0078125,0.0390625,0.0390625,0.03125,0.03125,0.015625,0.015625,0.03125,0.03125,0.0078125,0.0078125,0.0390625,0.0390625,0.078125,0.078125,0.09375,0.09375,0.1015625,0.1015625,0.046875,0.046875,0.0703125,0.0703125,0.078125,0.078125,0.09375,0.09375,0.1015625,0.1015625,0.046875,0.046875,0.0703125,0.0703125,0.0625,0.0625,0.0703125,0.0703125,0.1015625,0.1015625,0.0859375,0.0859375,0.03125,0.03125,0.0625,0.0625,0.0703125,0.0703125,0.1015625,0.1015625,0.0859375,0.0859375,0.03125,0.03125,0.0703125,0.0703125,0.0234375,0.0234375,0.09375,0.09375,0.078125,0.078125,0.0625,0.0625,0.0703125,0.0703125,0.0234375,0.0234375,0.09375,0.09375,0.078125,0.078125,0.0625,0.0625,0.0546875,0.0546875,0.0078125,0.0078125,0.1015625,0.1015625,0.0234375,0.0234375,0.0546875,0.0546875,0.0546875,0.0546875,0.0078125,0.0078125,0.1015625,0.1015625,0.0234375,0.0234375,0.0546875,0.0546875,0.078125,0.078125,0.0078125,0.0078125,0.0078125,0.0078125,0.0625,0.0625,0.0703125,0.0703125,0.078125,0.078125,0.0078125,0.0078125,0.0078125,0.0078125,0.0625,0.0625,0.0703125,0.0703125,0.0703125,0.0703125,0.0859375,0.0859375,0.046875,0.046875,0.0390625,0.0390625,0.09375,0.09375,0.0703125,0.0703125,0.0859375,0.0859375,0.046875,0.046875,0.0390625,0.0390625,0.09375,0.09375,0.0703125,0.0703125,0.1015625,0.1015625,0.0,0.0,0.0546875,0.0546875,0.0859375,0.0859375,0.0703125,0.0703125,0.1015625,0.1015625,0.0,0.0,0.0546875,0.0546875,0.0859375,0.0859375,0.03125,0.03125,0.0859375,0.0859375,0.0859375,0.0859375,0.0,0.0,0.0078125,0.0078125,0.03125,0.03125,0.0859375,0.0859375,0.0859375,0.0859375,0.0,0.0,0.0078125,0.0078125,0.0546875,0.0546875,0.046875,0.046875,0.078125,0.078125,0.0859375,0.0859375,0.0390625,0.0390625,0.0546875,0.0546875,0.046875,0.046875,0.078125,0.078125,0.0859375,0.0859375,0.0390625,0.0390625,0.03125,0.03125,0.046875,0.046875,0.0703125,0.0703125,0.0078125,0.0078125,0.0,0.0,0.03125,0.03125,0.046875,0.046875,0.0703125,0.0703125,0.0078125,0.0078125,0.0,0.0,0.09375,0.09375,0.0546875,0.0546875,0.03125,0.03125,0.0703125,0.0703125,0.0546875,0.0546875,0.09375,0.09375,0.0546875,0.0546875,0.03125,0.03125,0.0703125,0.0703125,0.0546875,0.0546875,0.0546875,0.0546875,0.046875,0.046875,0.046875,0.046875,0.0546875,0.0546875,0.09375,0.09375,0.0546875,0.0546875,0.046875,0.046875,0.046875,0.046875,0.0546875,0.0546875,0.09375,0.09375,0.0625,0.0625,0.0234375,0.0234375,0.0703125,0.0703125,0.03125,0.03125,0.0859375,0.0859375,0.0625,0.0625,0.0234375,0.0234375,0.0703125,0.0703125,0.03125,0.03125,0.0859375,0.0859375]]}