{
    "input_data": [
        [
            0.06250909715890884,
            0.06487537920475006,
            0.024189436808228493,
            0.012606794014573097,
            0.0651293396949768,
            0.06350579112768173,
            0.09180406481027603,
            0.030854016542434692,
            0.09193969517946243,
            0.03984804078936577,
            0.026238059625029564,
            0.09436160326004028
        ]
    ],
    "output_data": [
        [
            0.06250909715890884,
            0.06487537920475006,
            0.06487537920475006,
            0.06250909715890884,
            0.06487537920475006,
            0.06487537920475006,
            0.024189436808228493,
            0.024189436808228493,
            0.012606794014573097,
            0.0651293396949768,
            0.0651293396949768,
            0.06350579112768173,
            0.09180406481027603,
            0.09180406481027603,
            0.06350579112768173,
            0.09180406481027603,
            0.09180406481027603,
            0.030854016542434692,
            0.09193969517946243,
            0.09193969517946243,
            0.03984804078936577,
            0.09193969517946243,
            0.09436160326004028,
            0.09436160326004028,
            0.026238059625029564,
            0.09436160326004028,
            0.09436160326004028
        ]
    ]
}