{
    "input_data": [
        [
            0.09472439,
            0.036980208,
            0.050040275,
            0.06885076,
            0.036532696,
            0.0478302,
            0.0968174,
            0.087522976,
            0.06588545,
            0.03784589,
            0.06960351,
            0.0012453616
        ]
    ],
    "input_shapes": [
        [
            1,
            3,
            2,
            2
        ]
    ],
    "output_data": [
        [
            0.09375,
            0.09375,
            0.0390625,
            0.09375,
            0.09375,
            0.0703125,
            0.046875,
            0.0703125,
            0.0703125,
            0.0390625,
            0.046875,
            0.046875,
            0.09375,
            0.09375,
            0.0859375,
            0.09375,
            0.09375,
            0.0859375,
            0.0625,
            0.0625,
            0.0390625,
            0.0703125,
            0.0703125,
            0.0390625,
            0.0703125,
            0.0703125,
            0.0
        ]
    ]
}