{"input_data":{"File":[[0.0947243869304657,0.03698020800948143,0.05004027485847473,0.06885076314210892,0.0365326963365078,0.04783020168542862,0.09681739658117294,0.0875229761004448,0.06588544696569443,0.03784589096903801,0.06960351020097733,0.0012453616363927722]]},"output_data":{"File":[[0.09375,0.09375,0.0390625,0.09375,0.09375,0.0703125,0.046875,0.0703125,0.0703125,0.0390625,0.046875,0.046875,0.09375,0.09375,0.0859375,0.09375,0.09375,0.0859375,0.0625,0.0625,0.0390625,0.0703125,0.0703125,0.0390625,0.0703125,0.0703125,0.0]]}}