{
    "input_shapes": [
        [
            3,
            2,
            2
        ],
        [
            3,
            2,
            2
        ],
        [
            3,
            2,
            2
        ]
    ],
    "input_data": [
        [
            0.012523460201919079,
            0.044559504836797714,
            0.03341364860534668,
            0.09370564669370651,
            0.04531623795628548,
            0.0896199494600296,
            0.01714131236076355,
            0.026875866577029228,
            0.053120698779821396,
            0.02145174704492092,
            0.06615643948316574,
            0.047222036868333817
        ],
        [
            0.08351612836122513,
            0.022880394011735916,
            0.01771303452551365,
            0.005950951483100653,
            0.01713729463517666,
            0.08168474584817886,
            0.0034027814399451017,
            0.09778481721878052,
            0.06083488091826439,
            0.02979390136897564,
            0.0642104372382164,
            0.0028769136406481266
        ],
        [
            0.01872609369456768,
            0.022590750828385353,
            0.03305661305785179,
            0.0612516812980175,
            0.08233156055212021,
            0.08846317231655121,
            0.04373406991362572,
            0.07020334154367447,
            0.02283918857574463,
            0.006398266647011042,
            0.08401605486869812,
            0.0008106947061605752
        ]
    ],
    "output_data": [
        [
            2.5184412002563477,
            2.5184412002563477,
            2.5184412002563477,
            2.5184412002563477,
            2.5184412002563477,
            2.5184412002563477,
            2.5165205001831055,
            2.5204739570617676,
            2.5229859352111816,
            2.5184412002563477,
            2.5184412002563477,
            2.518002510070801,
            2.520606279373169,
            2.529163360595703,
            2.5184412002563477,
            2.5184412002563477,
            2.516091823577881,
            2.5193684101104736,
            2.5225138664245605,
            2.5184412002563477,
            2.5184412002563477,
            2.5184412002563477,
            2.5184412002563477,
            2.5184412002563477,
            2.5184412002563477,
            2.5522050857543945,
            2.5522050857543945,
            2.5522050857543945,
            2.5522050857543945,
            2.5522050857543945,
            2.5522050857543945,
            2.5590686798095703,
            2.5519988536834717,
            2.5519447326660156,
            2.5522050857543945,
            2.5522050857543945,
            2.5528433322906494,
            2.5648677349090576,
            2.5533461570739746,
            2.5522050857543945,
            2.5522050857543945,
            2.550327777862549,
            2.55617356300354,
            2.556581735610962,
            2.5522050857543945,
            2.5522050857543945,
            2.5522050857543945,
            2.5522050857543945,
            2.5522050857543945,
            2.5522050857543945,
            2.4448800086975098,
            2.4448800086975098,
            2.4448800086975098,
            2.4448800086975098,
            2.4448800086975098,
            2.4448800086975098,
            2.439432382583618,
            2.438037633895874,
            2.443761110305786,
            2.4448800086975098,
            2.4448800086975098,
            2.4413719177246094,
            2.441288709640503,
            2.4356067180633545,
            2.4448800086975098,
            2.4448800086975098,
            2.4422719478607178,
            2.4436187744140625,
            2.444044351577759,
            2.4448800086975098,
            2.4448800086975098,
            2.4448800086975098,
            2.4448800086975098,
            2.4448800086975098,
            2.4448800086975098
        ],
        [
            0.00624203123152256,
            0.007530250120908022,
            0.011018871329724789,
            0.02041722647845745,
            0.02744385413825512,
            0.029487723484635353,
            0.014578022994101048,
            0.023401113227009773,
            0.007613062858581543,
            0.002132755471393466,
            0.02800535224378109,
            0.0002702315687201917
        ]
    ]
}