{"input_shapes": [[3, 2, 2], [3, 2, 2], [3, 2, 2]], "input_data": [[0.04596957191824913, 0.05293761566281319, 0.012055384926497936, 0.07617340236902237, 0.08676086366176605, 0.02825923077762127, 0.03107980452477932, 0.06272219866514206, 0.03710199147462845, 0.07462593168020248, 0.007928157225251198, 0.04804880544543266], [0.03726804256439209, 0.06867071241140366, 0.005137795116752386, 0.0812733918428421, 0.008898180909454823, 0.04289047792553902, 0.0061973812989890575, 0.06947215646505356, 0.030686838552355766, 0.03607773780822754, 0.0018977642757818103, 0.08950575441122055], [0.09533247351646423, 0.07577153295278549, 0.06082925200462341, 0.09399276226758957, 0.07372726500034332, 0.034332599490880966, 0.02718263864517212, 0.034307997673749924, 0.040171440690755844, 0.04908556491136551, 0.014565283432602882, 0.07373087108135223]], "output_data": [[2.566655158996582, 2.566655158996582, 2.566655158996582, 2.566655158996582, 2.566655158996582, 2.566655158996582, 2.5655264854431152, 2.563112258911133, 2.5663416385650635, 2.566655158996582, 2.566655158996582, 2.564490556716919, 2.576511859893799, 2.5671463012695312, 2.566655158996582, 2.566655158996582, 2.5666534900665283, 2.574090003967285, 2.5727813243865967, 2.566655158996582, 2.566655158996582, 2.566655158996582, 2.566655158996582, 2.566655158996582, 2.566655158996582, 2.5480124950408936, 2.5480124950408936, 2.5480124950408936, 2.5480124950408936, 2.5480124950408936, 2.5480124950408936, 2.547407388687134, 2.5518927574157715, 2.5499837398529053, 2.5480124950408936, 2.5480124950408936, 2.545438289642334, 2.5561609268188477, 2.550187826156616, 2.5480124950408936, 2.5480124950408936, 2.5445353984832764, 2.5520453453063965, 2.552488327026367, 2.5480124950408936, 2.5480124950408936, 2.5480124950408936, 2.5480124950408936, 2.5480124950408936, 2.5480124950408936, 2.499945640563965, 2.499945640563965, 2.499945640563965, 2.499945640563965, 2.499945640563965, 2.499945640563965, 2.5046658515930176, 2.50146484375, 2.499239683151245, 2.499945640563965, 2.499945640563965, 2.511441469192505, 2.5087649822235107, 2.5041537284851074, 2.499945640563965, 2.499945640563965, 2.506751775741577, 2.5081944465637207, 2.501887083053589, 2.499945640563965, 2.499945640563965, 2.499945640563965, 2.499945640563965, 2.499945640563965, 2.499945640563965], [0.03177748993039131, 0.025257177650928497, 0.020276417955756187, 0.03133092075586319, 0.02457575500011444, 0.011444199830293655, 0.009060879237949848, 0.011435999535024166, 0.013390480540692806, 0.01636185497045517, 0.004855094477534294, 0.024576956406235695]]}