{"input_data":[[0.01252346,0.044559505,0.03341365,0.09370565,0.045316238,0.08961995,0.017141312,0.026875867,0.0531207,0.021451747,0.06615644,0.047222037],[0.08351613,0.022880394,0.017713035,0.0059509515,0.017137295,0.081684746,0.0034027814,0.09778482,0.06083488,0.029793901,0.06421044,0.0028769136],[0.018726094,0.02259075,0.033056613,0.06125168,0.08233156,0.08846317,0.04373407,0.07020334,0.022839189,0.0063982666,0.084016055,0.0008106947]],"input_shapes":[[3,2,2],[3,2,2],[3,2,2]],"output_data":[[2.515625,2.515625,2.515625,2.515625,2.515625,2.515625,2.515625,2.5234375,2.5234375,2.515625,2.515625,2.515625,2.5234375,2.53125,2.515625,2.515625,2.515625,2.515625,2.5234375,2.515625,2.515625,2.515625,2.515625,2.515625,2.515625,2.5546875,2.5546875,2.5546875,2.5546875,2.5546875,2.5546875,2.5625,2.5546875,2.5546875,2.5546875,2.5546875,2.5546875,2.5625,2.5546875,2.5546875,2.5546875,2.546875,2.5546875,2.5546875,2.5546875,2.5546875,2.5546875,2.5546875,2.5546875,2.5546875,2.4453125,2.4453125,2.4453125,2.4453125,2.4453125,2.4453125,2.4375,2.4375,2.4453125,2.4453125,2.4453125,2.4453125,2.4375,2.4375,2.4453125,2.4453125,2.4453125,2.4453125,2.4453125,2.4453125,2.4453125,2.4453125,2.4453125,2.4453125,2.4453125],[0.0078125,0.0078125,0.0078125,0.0234375,0.03125,0.03125,0.015625,0.0234375,0.0078125,0.0,0.03125,0.0]]}