{
    "input_shapes": [
        [
            1,
            3,
            8,
            8
        ]
    ],
    "input_data": [
        [
            0.0078125,
            0.0078125,
            0.0078125,
            0.0078125,
            0.0078125,
            0.0078125,
            0.0078125,
            0.0078125,
            0.0078125,
            0.0078125,
            0.0078125,
            0.0078125,
            0.0078125,
            0.0078125,
            0.0078125,
            0.0078125,
            0.0078125,
            0.0078125,
            0.0078125,
            0.0078125,
            0.0078125,
            0.0078125,
            0.0078125,
            0.0078125,
            0.0078125,
            0.0078125,
            0.0078125,
            0.0078125,
            0.0078125,
            0.0078125,
            0.0078125,
            0.0078125,
            0.0078125,
            0.0078125,
            0.0078125,
            0.0078125,
            0.0078125,
            0.0078125,
            0.0078125,
            0.0078125,
            0.0078125,
            0.0078125,
            0.0078125,
            0.0078125,
            0.0078125,
            0.0078125,
            0.0078125,
            0.0078125,
            0.0078125,
            0.0078125,
            0.0078125,
            0.0078125,
            0.0078125,
            0.0078125,
            0.0078125,
            0.0078125,
            0.0078125,
            0.0078125,
            0.0078125,
            0.0078125,
            0.0078125,
            0.0078125,
            0.0078125,
            0.0078125,
            0.0078125,
            0.0078125,
            0.0078125,
            0.0078125,
            0.0078125,
            0.0078125,
            0.0078125,
            0.0078125,
            0.0078125,
            0.0078125,
            0.0078125,
            0.0078125,
            0.0078125,
            0.0078125,
            0.0078125,
            0.0078125,
            0.0078125,
            0.0078125,
            0.0078125,
            0.0078125,
            0.0078125,
            0.0078125,
            0.0078125,
            0.0078125,
            0.0078125,
            0.0078125,
            0.0078125,
            0.0078125,
            0.0078125,
            0.0078125,
            0.0078125,
            0.0078125,
            0.0078125,
            0.0078125,
            0.0078125,
            0.0078125,
            0.0078125,
            0.0078125,
            0.0078125,
            0.0078125,
            0.0078125,
            0.0078125,
            0.0078125,
            0.0078125,
            0.0078125,
            0.0078125,
            0.0078125,
            0.0078125,
            0.0078125,
            0.0078125,
            0.0078125,
            0.0078125,
            0.0078125,
            0.0078125,
            0.0078125,
            0.0078125,
            0.0078125,
            0.0078125,
            0.0078125,
            0.0078125,
            0.0078125,
            0.0078125,
            0.0078125,
            0.0078125,
            0.0078125,
            0.0078125,
            0.0078125,
            0.0078125,
            0.0078125,
            0.0078125,
            0.0078125,
            0.0078125,
            0.0078125,
            0.0078125,
            0.0078125,
            0.0078125,
            0.0078125,
            0.0078125,
            0.0078125,
            0.0078125,
            0.0078125,
            0.0078125,
            0.0078125,
            0.0078125,
            0.0078125,
            0.0078125,
            0.0078125,
            0.0078125,
            0.0078125,
            0.0078125,
            0.0078125,
            0.0078125,
            0.0078125,
            0.0078125,
            0.0078125,
            0.0078125,
            0.0078125,
            0.0078125,
            0.0078125,
            0.0078125,
            0.0078125,
            0.0078125,
            0.0078125,
            0.0078125,
            0.0078125,
            0.0078125,
            0.0078125,
            0.0078125,
            0.0078125,
            0.0078125,
            0.0078125,
            0.0078125,
            0.0078125,
            0.0078125,
            0.0078125,
            0.0078125,
            0.0078125,
            0.0078125,
            0.0078125,
            0.0078125,
            0.0078125,
            0.0078125,
            0.0078125,
            0.0078125,
            0.0078125,
            0.0078125,
            0.0078125,
            0.0078125
        ]
    ],
    "output_data": [
        [
            0.5,
            0.5,
            0.5,
            0.5,
            0.5,
            0.5,
            0.5,
            0.5,
            0.5,
            0.5,
            0.5,
            0.5,
            0.5,
            0.5,
            0.5,
            0.5,
            0.5,
            0.5,
            0.5,
            0.5,
            0.5,
            0.5,
            0.5,
            0.5,
            0.5,
            0.5,
            0.5,
            0.5,
            0.5,
            0.5,
            0.5,
            0.5,
            0.5,
            0.5,
            0.5,
            0.5,
            0.5,
            0.5,
            0.5,
            0.5,
            0.5,
            0.5,
            0.5,
            0.5,
            0.5,
            0.5,
            0.5,
            0.5,
            0.5,
            0.5,
            0.5,
            0.5,
            0.5,
            0.5,
            0.5,
            0.5,
            0.5,
            0.5,
            0.5,
            0.5,
            0.5,
            0.5,
            0.5,
            0.5,
            0.5,
            0.5,
            0.5,
            0.5,
            0.5,
            0.5,
            0.5,
            0.5,
            0.5,
            0.5,
            0.5,
            0.5,
            0.5,
            0.5,
            0.5,
            0.5,
            0.5,
            0.5,
            0.5,
            0.5,
            0.5,
            0.5,
            0.5,
            0.5,
            0.5,
            0.5,
            0.5,
            0.5,
            0.5,
            0.5,
            0.5,
            0.5,
            0.5,
            0.5,
            0.5,
            0.5
        ]
    ]
}