{"input_shapes": [[3, 8, 8]], "input_data": [[[0.46125084161758423, 0.7883429527282715, 0.8669242858886719, 0.6262890696525574, 0.6610139608383179, 0.6314834356307983, 0.00010460615158081055, 0.38604843616485596], [0.46105343103408813, 0.24630922079086304, 0.4286050796508789, 0.21754831075668335, 0.4783940315246582, 0.6159737706184387, 0.5913954377174377, 0.851194441318512], [0.7841453552246094, 0.6683379411697388, 0.7354344725608826, 0.41446512937545776, 0.42305898666381836, 0.9017468690872192, 0.34105896949768066, 0.8104561567306519], [0.22099483013153076, 0.11655652523040771, 0.4615948796272278, 0.9845730662345886, 0.132449209690094, 0.14276641607284546, 0.864088773727417, 0.9778012037277222], [0.34099358320236206, 0.42178696393966675, 0.015467643737792969, 0.46350544691085815, 0.33016639947891235, 0.3451448678970337, 0.8614214062690735, 0.43901991844177246], [0.8917973041534424, 0.35796236991882324, 0.2130773663520813, 0.0258791446685791, 0.47856855392456055, 0.8749505877494812, 0.7040984034538269, 0.5066705346107483], [0.5365104079246521, 0.6204867362976074, 0.8175889849662781, 0.4412831664085388, 0.5449516177177429, 0.9010698795318604, 0.5637837052345276, 0.6494187712669373], [0.9631783962249756, 0.08342832326889038, 0.821995198726654, 0.2791346311569214, 0.4935370087623596, 0.1677687168121338, 0.4134795665740967, 0.5061025023460388]], [[0.3070937991142273, 0.6923551559448242, 0.49692487716674805, 0.4488323926925659, 0.24093621969223022, 0.7715172171592712, 0.39180928468704224, 0.5014850497245789], [0.2542528510093689, 0.5330649018287659, 0.50725257396698, 0.7844502925872803, 0.19571489095687866, 0.6898686289787292, 0.7928818464279175, 0.8981906771659851], [0.12743139266967773, 0.015795588493347168, 0.7456218600273132, 0.5812883377075195, 0.29072004556655884, 0.8829697966575623, 0.6318857669830322, 0.5261394381523132], [0.5178166627883911, 0.018883109092712402, 0.763715922832489, 0.11459964513778687, 0.401702344417572, 0.23554128408432007, 0.12182271480560303, 0.8524582982063293], [0.2727063298225403, 0.5256422758102417, 0.05262446403503418, 0.8309521079063416, 0.8573970198631287, 0.013411939144134521, 0.39871275424957275, 0.1113390326499939], [0.5277314186096191, 0.8193830251693726, 0.5355223417282104, 0.19597285985946655, 0.6313270330429077, 0.7900131344795227, 0.16893237829208374, 0.05491220951080322], [0.5710972547531128, 0.8777220845222473, 0.252994179725647, 0.12243914604187012, 0.18344813585281372, 0.16780894994735718, 0.380168080329895, 0.7512503862380981], [0.6545422077178955, 0.5068602561950684, 0.41905027627944946, 0.7208142280578613, 0.3084539771080017, 0.5665767788887024, 0.21646463871002197, 0.02240699529647827]], [[0.8567344546318054, 0.7556495666503906, 0.5677005052566528, 0.8571794033050537, 0.292291522026062, 0.8867164850234985, 0.25520169734954834, 0.3910101056098938], [0.9394130706787109, 0.27058929204940796, 0.3456137180328369, 0.30975043773651123, 0.9449832439422607, 0.17677634954452515, 0.7918851971626282, 0.7628090977668762], [0.7943176031112671, 0.9779852628707886, 0.5942506790161133, 0.5013588070869446, 0.26427996158599854, 0.7351840734481812, 0.009947478771209717, 0.38510721921920776], [0.7678653001785278, 0.06196010112762451, 0.8821719884872437, 0.635932445526123, 0.35500574111938477, 0.6738480925559998, 0.26543259620666504, 0.24527418613433838], [0.13799482583999634, 0.015186667442321777, 0.3397698998451233, 0.6439160108566284, 0.032576560974121094, 0.9170363545417786, 0.46540939807891846, 0.7104767560958862], [0.21024030447006226, 0.06347054243087769, 0.5560851097106934, 0.15705102682113647, 0.7181911468505859, 0.4642242193222046, 0.31275320053100586, 0.7866750359535217], [0.881855309009552, 0.3192829489707947, 0.15047544240951538, 0.3392837643623352, 0.33575665950775146, 0.7326802015304565, 0.0772547721862793, 0.17106086015701294], [0.16589003801345825, 0.8007016181945801, 0.5528474450111389, 0.8099468946456909, 0.5898427367210388, 0.2661048173904419, 0.09864979982376099, 0.8193686008453369]]], "output_data": [[[0.5210669040679932, 0.5210669040679932, 0.5210669040679932, 0.5210669040679932, 0.5210669040679932, 0.5210669040679932, 0.5210669040679932, 0.5210669040679932, 0.5210669040679932, 0.5210669040679932], [0.5210669040679932, 0.5355367064476013, 0.525627076625824, 0.534550130367279, 0.5286005139350891, 0.527912974357605, 0.5349515080451965, 0.532876193523407, 0.531383216381073, 0.5210669040679932], [0.5210669040679932, 0.5369985699653625, 0.5256660580635071, 0.5298479795455933, 0.5406114459037781, 0.5259612798690796, 0.5380533337593079, 0.5220457911491394, 0.5260541439056396, 0.5210669040679932], [0.5210669040679932, 0.5284726023674011, 0.5210669040679932, 0.5210669040679932, 0.5210669040679932, 0.5210669040679932, 0.5292677283287048, 0.5210669040679932, 0.5210669040679932, 0.5210669040679932], [0.5210669040679932, 0.5301393866539001, 0.5210669040679932, 0.5264315605163574, 0.5210669040679932, 0.5239635109901428, 0.5210669040679932, 0.5210669040679932, 0.522709846496582, 0.5210669040679932], [0.5210669040679932, 0.5227163434028625, 0.5210669040679932, 0.5210669040679932, 0.5310422778129578, 0.5210669040679932, 0.5381792187690735, 0.5210669040679932, 0.5210669040679932, 0.5210669040679932], [0.5210669040679932, 0.5210669040679932, 0.5210669040679932, 0.5210669040679932, 0.5210669040679932, 0.5232941508293152, 0.5210669040679932, 0.5210669040679932, 0.5333049893379211, 0.5210669040679932], [0.5210669040679932, 0.5220255255699158, 0.5305002331733704, 0.5210669040679932, 0.5210669040679932, 0.5243591666221619, 0.5210669040679932, 0.5210669040679932, 0.5223378539085388, 0.5210669040679932], [0.5210669040679932, 0.5382418632507324, 0.5301412343978882, 0.5298171639442444, 0.5300279259681702, 0.5210669040679932, 0.5375987887382507, 0.5210669040679932, 0.5210669040679932, 0.5210669040679932], [0.5210669040679932, 0.5210669040679932, 0.5210669040679932, 0.5210669040679932, 0.5210669040679932, 0.5210669040679932, 0.5210669040679932, 0.5210669040679932, 0.5210669040679932, 0.5210669040679932]]]}