{"input_shapes": [[4]], "input_data": [[0.11899560689926147, 0.007275640964508057, 0.8934548497200012, 0.7557837963104248]], "output_data": [[1], [0.0, 1.0, 0.0]]}