{"input_shapes": [[4]], "input_data": [[0.25343358516693115, 0.8904905915260315, 0.7139406800270081, 0.6100635528564453]], "output_data": [[0]]}