{"input_data":[[0.07080468,0.022999411,0.07826894]],"input_shapes":[[3]],"output_data":[[0.33447266,0.31982422,0.33691406]]}