{
    "input_data": [
        [
            0.010070222429931164,
            0.06370574235916138,
            0.0864742323756218
        ]
    ],
    "output_data": [
        [
            0.3190302848815918,
            0.3366088271141052,
            0.3443608283996582
        ]
    ]
}