{"input_data":{"File":[[0.07080467790365219,0.022999411448836327,0.07826893776655197]]},"output_data":{"File":[[0.33447265625,0.31982421875,0.3369140625]]}}