{"input_data":{"File":[[0.016841961070895195,0.07870037853717804,0.08462252467870712]]},"output_data":{"File":[[0.0]]}}