{"input_shapes": [[3]], "input_data": [0.10015130043029785, 0.5901144742965698, 0.4144153594970703], "output_data": [0.0]}