{
    "input_shapes": [
        [
            1,
            3
        ]
    ],
    "input_data": [
        [
            0.016841961070895195,
            0.07870037853717804,
            0.08462252467870712
        ]
    ],
    "output_data": [
        [
            0.0
        ]
    ]
}