{
    "input_data": [
        [
            0.09371370077133179,
            0.09547177702188492,
            0.01155055221170187
        ]
    ],
    "output_data": [
        [
            0.0
        ]
    ]
}