{"input_shapes": [[4]], "input_data": [[0.1988581418991089, 0.9487966299057007, 0.787287712097168, 0.4117189645767212]], "output_data": [[0.28468406200408936]]}