{
    "input_data": [
        [
            0.08446705341339111,
            0.05053630471229553,
            0.02513277530670166,
            0.026178646832704544,
            0.04080815985798836,
            0.039749693125486374,
            0.02914956770837307,
            0.0629967525601387,
            0.01158788800239563,
            0.02016354165971279,
            0.0073784650303423405,
            0.008234131149947643
        ]
    ],
    "output_data": [
        [
            0.08446705341339111,
            0.05053630471229553,
            0.02513277530670166,
            0.026178646832704544,
            0.04080815985798836,
            0.039749693125486374,
            0.02914956770837307,
            0.0629967525601387,
            0.01158788800239563,
            0.02016354165971279,
            0.0073784650303423405,
            0.008234131149947643
        ]
    ]
}