{"input_data":[[0.018366849,0.015242189,0.08749126,0.0127121685,0.051170524,0.06793257,0.035970252,0.046720948,0.035840165,0.007434595,0.056225028,0.0072686435]],"input_shapes":[[3,2,2]],"output_data":[[0.015625,0.015625,0.0859375,0.015625,0.0546875,0.0703125,0.0390625,0.046875,0.0390625,0.0078125,0.0546875,0.0078125]]}