{
    "input_shapes": [
        [
            3,
            2,
            2
        ]
    ],
    "input_data": [
        [
            0.024342495948076248,
            0.04569540172815323,
            0.07267124205827713,
            0.013060438446700573,
            0.09049484878778458,
            0.023895228281617165,
            0.06646782904863358,
            0.005524409003555775,
            0.08089068531990051,
            0.0037329555489122868,
            0.065357506275177,
            0.04939475655555725
        ]
    ],
    "output_data": [
        [
            0.024342495948076248,
            0.04569540172815323,
            0.07267124205827713,
            0.013060438446700573,
            0.09049484878778458,
            0.023895228281617165,
            0.06646782904863358,
            0.005524409003555775,
            0.08089068531990051,
            0.0037329555489122868,
            0.065357506275177,
            0.04939475655555725
        ]
    ]
}