{"input_data":{"File":[[0.018366849049925804,0.015242189168930054,0.08749125897884369,0.012712168507277966,0.05117052420973778,0.06793256849050522,0.03597025200724602,0.046720948070287704,0.03584016487002373,0.007434594910591841,0.05622502788901329,0.007268643472343683]]},"output_data":{"File":[[0.015625,0.015625,0.0859375,0.015625,0.0546875,0.0703125,0.0390625,0.046875,0.0390625,0.0078125,0.0546875,0.0078125]]}}