{"input_shapes": [[3, 3, 2]], "input_data": [[[0.9080002307891846, 0.2141769528388977], [0.23218119144439697, 0.4259982705116272], [0.4974064826965332, 0.7173638343811035]], [[0.8246966600418091, 0.974400520324707], [0.3628930449485779, 0.1588461995124817], [0.9433870315551758, 0.11146777868270874]], [[0.07602798938751221, 0.17199397087097168], [0.2881963849067688, 0.6849763989448547], [0.8643036484718323, 0.03281062841415405]]], "output_data": [[[0.9080002307891846, 0.2141769528388977], [0.23218119144439697, 0.4259982705116272], [0.4974064826965332, 0.7173638343811035]], [[0.8246966600418091, 0.974400520324707], [0.3628930449485779, 0.1588461995124817], [0.9433870315551758, 0.11146777868270874]], [[0.07602798938751221, 0.17199397087097168], [0.2881963849067688, 0.6849763989448547], [0.8643036484718323, 0.03281062841415405]]]}